11/21/2025, 6:44:53 AM UTC [Modules] Modules initializing
11/21/2025, 6:44:53 AM UTC [Modules] Distribution: remote
11/21/2025, 6:44:53 AM UTC [Modules] Host updates: enabled
11/21/2025, 6:44:53 AM UTC [Modules] Module updates: enabled
11/21/2025, 6:44:53 AM UTC [Modules] Module install path: /home/typo/.config/discord/0.0.115/modules
11/21/2025, 6:44:53 AM UTC [Modules] Module installed file path: /home/typo/.config/discord/0.0.115/modules/installed.json
11/21/2025, 6:44:53 AM UTC [Modules] Module download path: /home/typo/.config/discord/0.0.115/modules/pending
11/21/2025, 6:44:53 AM UTC [Modules] Bootstrapping...
11/21/2025, 6:44:53 AM UTC [Modules] Installing discord_desktop_core@0 from /opt/discord/resources/bootstrap/discord_desktop_core.zip
11/21/2025, 6:44:53 AM UTC [Modules] Failed installing discord_desktop_core@0: Error: ENOENT: no such file or directory, open '/opt/discord/resources/bootstrap/discord_desktop_core.zip'
11/21/2025, 6:44:53 AM UTC [Modules] Installing discord_erlpack@0 from /opt/discord/resources/bootstrap/discord_erlpack.zip
11/21/2025, 6:44:53 AM UTC [Modules] Failed installing discord_erlpack@0: Error: ENOENT: no such file or directory, open '/opt/discord/resources/bootstrap/discord_erlpack.zip'
11/21/2025, 6:44:53 AM UTC [Modules] Installing discord_spellcheck@0 from /opt/discord/resources/bootstrap/discord_spellcheck.zip
11/21/2025, 6:44:53 AM UTC [Modules] Failed installing discord_spellcheck@0: Error: ENOENT: no such file or directory, open '/opt/discord/resources/bootstrap/discord_spellcheck.zip'
11/21/2025, 6:44:53 AM UTC [Modules] Installing discord_utils@0 from /opt/discord/resources/bootstrap/discord_utils.zip
11/21/2025, 6:44:53 AM UTC [Modules] Failed installing discord_utils@0: Error: ENOENT: no such file or directory, open '/opt/discord/resources/bootstrap/discord_utils.zip'
11/21/2025, 6:44:53 AM UTC [Modules] Installing discord_voice@0 from /opt/discord/resources/bootstrap/discord_voice.zip
11/21/2025, 6:44:53 AM UTC [Modules] Failed installing discord_voice@0: Error: ENOENT: no such file or directory, open '/opt/discord/resources/bootstrap/discord_voice.zip'
11/21/2025, 6:44:53 AM UTC [Modules] Installing discord_zstd@0 from /opt/discord/resources/bootstrap/discord_zstd.zip
11/21/2025, 6:44:53 AM UTC [Modules] Failed installing discord_zstd@0: Error: ENOENT: no such file or directory, open '/opt/discord/resources/bootstrap/discord_zstd.zip'
11/21/2025, 6:44:53 AM UTC [Modules] Finished module installations. [success: 0] [failure: 6]
11/21/2025, 6:44:53 AM UTC [Modules] Checking for host updates.
11/21/2025, 6:44:54 AM UTC [Modules] Host is up to date.
11/21/2025, 6:44:54 AM UTC [Modules] Checking for module updates at https://discord.com/api/modules/stable/versions.json
11/21/2025, 6:44:54 AM UTC [Modules] Module update available: discord_desktop_core@1 [installed: 0]
11/21/2025, 6:44:54 AM UTC [Modules] Module update available: discord_erlpack@1 [installed: 0]
11/21/2025, 6:44:54 AM UTC [Modules] Module update available: discord_spellcheck@1 [installed: 0]
11/21/2025, 6:44:54 AM UTC [Modules] Module update available: discord_utils@1 [installed: 0]
11/21/2025, 6:44:54 AM UTC [Modules] Module update available: discord_voice@1 [installed: 0]
11/21/2025, 6:44:54 AM UTC [Modules] Module update available: discord_zstd@1 [installed: 0]
11/21/2025, 6:44:54 AM UTC [Modules] Fetching discord_desktop_core@1 from https://discord.com/api/modules/stable/discord_desktop_core/1
11/21/2025, 6:44:54 AM UTC [Modules] Streaming discord_desktop_core@1 to /home/typo/.config/discord/0.0.115/modules/pending/discord_desktop_core-1.zip
11/21/2025, 6:44:55 AM UTC [Modules] Streaming discord_desktop_core@1 to /home/typo/.config/discord/0.0.115/modules/pending/discord_desktop_core-1.zip: 1%
11/21/2025, 6:44:55 AM UTC [Modules] Streaming discord_desktop_core@1 to /home/typo/.config/discord/0.0.115/modules/pending/discord_desktop_core-1.zip: 2%
11/21/2025, 6:44:56 AM UTC [Modules] Streaming discord_desktop_core@1 to /home/typo/.config/discord/0.0.115/modules/pending/discord_desktop_core-1.zip: 3%
11/21/2025, 6:44:56 AM UTC [Modules] Streaming discord_desktop_core@1 to /home/typo/.config/discord/0.0.115/modules/pending/discord_desktop_core-1.zip: 4%
11/21/2025, 6:44:56 AM UTC [Modules] Streaming discord_desktop_core@1 to /home/typo/.config/discord/0.0.115/modules/pending/discord_desktop_core-1.zip: 5%
11/21/2025, 6:44:56 AM UTC [Modules] Streaming discord_desktop_core@1 to /home/typo/.config/discord/0.0.115/modules/pending/discord_desktop_core-1.zip: 6%
11/21/2025, 6:44:56 AM UTC [Modules] Streaming discord_desktop_core@1 to /home/typo/.config/discord/0.0.115/modules/pending/discord_desktop_core-1.zip: 7%
11/21/2025, 6:44:56 AM UTC [Modules] Streaming discord_desktop_core@1 to /home/typo/.config/discord/0.0.115/modules/pending/discord_desktop_core-1.zip: 8%
11/21/2025, 6:44:56 AM UTC [Modules] Streaming discord_desktop_core@1 to /home/typo/.config/discord/0.0.115/modules/pending/discord_desktop_core-1.zip: 9%
11/21/2025, 6:44:56 AM UTC [Modules] Streaming discord_desktop_core@1 to /home/typo/.config/discord/0.0.115/modules/pending/discord_desktop_core-1.zip: 10%
11/21/2025, 6:44:56 AM UTC [Modules] Streaming discord_desktop_core@1 to /home/typo/.config/discord/0.0.115/modules/pending/discord_desktop_core-1.zip: 11%
11/21/2025, 6:44:56 AM UTC [Modules] Streaming discord_desktop_core@1 to /home/typo/.config/discord/0.0.115/modules/pending/discord_desktop_core-1.zip: 12%
11/21/2025, 6:44:56 AM UTC [Modules] Streaming discord_desktop_core@1 to /home/typo/.config/discord/0.0.115/modules/pending/discord_desktop_core-1.zip: 13%
11/21/2025, 6:44:56 AM UTC [Modules] Streaming discord_desktop_core@1 to /home/typo/.config/discord/0.0.115/modules/pending/discord_desktop_core-1.zip: 14%
11/21/2025, 6:44:56 AM UTC [Modules] Streaming discord_desktop_core@1 to /home/typo/.config/discord/0.0.115/modules/pending/discord_desktop_core-1.zip: 15%
11/21/2025, 6:44:56 AM UTC [Modules] Streaming discord_desktop_core@1 to /home/typo/.config/discord/0.0.115/modules/pending/discord_desktop_core-1.zip: 16%
11/21/2025, 6:44:56 AM UTC [Modules] Streaming discord_desktop_core@1 to /home/typo/.config/discord/0.0.115/modules/pending/discord_desktop_core-1.zip: 17%
11/21/2025, 6:44:56 AM UTC [Modules] Streaming discord_desktop_core@1 to /home/typo/.config/discord/0.0.115/modules/pending/discord_desktop_core-1.zip: 18%
11/21/2025, 6:44:56 AM UTC [Modules] Streaming discord_desktop_core@1 to /home/typo/.config/discord/0.0.115/modules/pending/discord_desktop_core-1.zip: 19%
11/21/2025, 6:44:56 AM UTC [Modules] Streaming discord_desktop_core@1 to /home/typo/.config/discord/0.0.115/modules/pending/discord_desktop_core-1.zip: 20%
11/21/2025, 6:44:56 AM UTC [Modules] Streaming discord_desktop_core@1 to /home/typo/.config/discord/0.0.115/modules/pending/discord_desktop_core-1.zip: 21%
11/21/2025, 6:44:56 AM UTC [Modules] Streaming discord_desktop_core@1 to /home/typo/.config/discord/0.0.115/modules/pending/discord_desktop_core-1.zip: 22%
11/21/2025, 6:44:56 AM UTC [Modules] Streaming discord_desktop_core@1 to /home/typo/.config/discord/0.0.115/modules/pending/discord_desktop_core-1.zip: 23%
11/21/2025, 6:44:56 AM UTC [Modules] Streaming discord_desktop_core@1 to /home/typo/.config/discord/0.0.115/modules/pending/discord_desktop_core-1.zip: 24%
11/21/2025, 6:44:56 AM UTC [Modules] Streaming discord_desktop_core@1 to /home/typo/.config/discord/0.0.115/modules/pending/discord_desktop_core-1.zip: 25%
11/21/2025, 6:44:56 AM UTC [Modules] Streaming discord_desktop_core@1 to /home/typo/.config/discord/0.0.115/modules/pending/discord_desktop_core-1.zip: 26%
11/21/2025, 6:44:56 AM UTC [Modules] Streaming discord_desktop_core@1 to /home/typo/.config/discord/0.0.115/modules/pending/discord_desktop_core-1.zip: 27%
11/21/2025, 6:44:56 AM UTC [Modules] Streaming discord_desktop_core@1 to /home/typo/.config/discord/0.0.115/modules/pending/discord_desktop_core-1.zip: 28%
11/21/2025, 6:44:57 AM UTC [Modules] Streaming discord_desktop_core@1 to /home/typo/.config/discord/0.0.115/modules/pending/discord_desktop_core-1.zip: 29%
11/21/2025, 6:44:57 AM UTC [Modules] Streaming discord_desktop_core@1 to /home/typo/.config/discord/0.0.115/modules/pending/discord_desktop_core-1.zip: 30%
11/21/2025, 6:44:57 AM UTC [Modules] Streaming discord_desktop_core@1 to /home/typo/.config/discord/0.0.115/modules/pending/discord_desktop_core-1.zip: 31%
11/21/2025, 6:44:57 AM UTC [Modules] Streaming discord_desktop_core@1 to /home/typo/.config/discord/0.0.115/modules/pending/discord_desktop_core-1.zip: 32%
11/21/2025, 6:44:57 AM UTC [Modules] Streaming discord_desktop_core@1 to /home/typo/.config/discord/0.0.115/modules/pending/discord_desktop_core-1.zip: 33%
11/21/2025, 6:44:57 AM UTC [Modules] Streaming discord_desktop_core@1 to /home/typo/.config/discord/0.0.115/modules/pending/discord_desktop_core-1.zip: 34%
11/21/2025, 6:44:57 AM UTC [Modules] Streaming discord_desktop_core@1 to /home/typo/.config/discord/0.0.115/modules/pending/discord_desktop_core-1.zip: 35%
11/21/2025, 6:44:57 AM UTC [Modules] Streaming discord_desktop_core@1 to /home/typo/.config/discord/0.0.115/modules/pending/discord_desktop_core-1.zip: 36%
11/21/2025, 6:44:57 AM UTC [Modules] Streaming discord_desktop_core@1 to /home/typo/.config/discord/0.0.115/modules/pending/discord_desktop_core-1.zip: 37%
11/21/2025, 6:44:57 AM UTC [Modules] Streaming discord_desktop_core@1 to /home/typo/.config/discord/0.0.115/modules/pending/discord_desktop_core-1.zip: 38%
11/21/2025, 6:44:57 AM UTC [Modules] Streaming discord_desktop_core@1 to /home/typo/.config/discord/0.0.115/modules/pending/discord_desktop_core-1.zip: 39%
11/21/2025, 6:44:57 AM UTC [Modules] Streaming discord_desktop_core@1 to /home/typo/.config/discord/0.0.115/modules/pending/discord_desktop_core-1.zip: 40%
11/21/2025, 6:44:57 AM UTC [Modules] Streaming discord_desktop_core@1 to /home/typo/.config/discord/0.0.115/modules/pending/discord_desktop_core-1.zip: 41%
11/21/2025, 6:44:57 AM UTC [Modules] Streaming discord_desktop_core@1 to /home/typo/.config/discord/0.0.115/modules/pending/discord_desktop_core-1.zip: 42%
11/21/2025, 6:44:57 AM UTC [Modules] Streaming discord_desktop_core@1 to /home/typo/.config/discord/0.0.115/modules/pending/discord_desktop_core-1.zip: 43%
11/21/2025, 6:44:57 AM UTC [Modules] Streaming discord_desktop_core@1 to /home/typo/.config/discord/0.0.115/modules/pending/discord_desktop_core-1.zip: 44%
11/21/2025, 6:44:57 AM UTC [Modules] Streaming discord_desktop_core@1 to /home/typo/.config/discord/0.0.115/modules/pending/discord_desktop_core-1.zip: 45%
11/21/2025, 6:44:57 AM UTC [Modules] Streaming discord_desktop_core@1 to /home/typo/.config/discord/0.0.115/modules/pending/discord_desktop_core-1.zip: 46%
11/21/2025, 6:44:57 AM UTC [Modules] Streaming discord_desktop_core@1 to /home/typo/.config/discord/0.0.115/modules/pending/discord_desktop_core-1.zip: 47%
11/21/2025, 6:44:57 AM UTC [Modules] Streaming discord_desktop_core@1 to /home/typo/.config/discord/0.0.115/modules/pending/discord_desktop_core-1.zip: 48%
11/21/2025, 6:44:57 AM UTC [Modules] Streaming discord_desktop_core@1 to /home/typo/.config/discord/0.0.115/modules/pending/discord_desktop_core-1.zip: 49%
11/21/2025, 6:44:57 AM UTC [Modules] Streaming discord_desktop_core@1 to /home/typo/.config/discord/0.0.115/modules/pending/discord_desktop_core-1.zip: 50%
11/21/2025, 6:44:57 AM UTC [Modules] Streaming discord_desktop_core@1 to /home/typo/.config/discord/0.0.115/modules/pending/discord_desktop_core-1.zip: 51%
11/21/2025, 6:44:57 AM UTC [Modules] Streaming discord_desktop_core@1 to /home/typo/.config/discord/0.0.115/modules/pending/discord_desktop_core-1.zip: 52%
11/21/2025, 6:44:57 AM UTC [Modules] Streaming discord_desktop_core@1 to /home/typo/.config/discord/0.0.115/modules/pending/discord_desktop_core-1.zip: 53%
11/21/2025, 6:44:57 AM UTC [Modules] Streaming discord_desktop_core@1 to /home/typo/.config/discord/0.0.115/modules/pending/discord_desktop_core-1.zip: 54%
11/21/2025, 6:44:57 AM UTC [Modules] Streaming discord_desktop_core@1 to /home/typo/.config/discord/0.0.115/modules/pending/discord_desktop_core-1.zip: 57%
11/21/2025, 6:44:57 AM UTC [Modules] Streaming discord_desktop_core@1 to /home/typo/.config/discord/0.0.115/modules/pending/discord_desktop_core-1.zip: 58%
11/21/2025, 6:44:57 AM UTC [Modules] Streaming discord_desktop_core@1 to /home/typo/.config/discord/0.0.115/modules/pending/discord_desktop_core-1.zip: 59%
11/21/2025, 6:44:57 AM UTC [Modules] Streaming discord_desktop_core@1 to /home/typo/.config/discord/0.0.115/modules/pending/discord_desktop_core-1.zip: 60%
11/21/2025, 6:44:58 AM UTC [Modules] Streaming discord_desktop_core@1 to /home/typo/.config/discord/0.0.115/modules/pending/discord_desktop_core-1.zip: 61%
11/21/2025, 6:44:58 AM UTC [Modules] Streaming discord_desktop_core@1 to /home/typo/.config/discord/0.0.115/modules/pending/discord_desktop_core-1.zip: 62%
11/21/2025, 6:44:58 AM UTC [Modules] Streaming discord_desktop_core@1 to /home/typo/.config/discord/0.0.115/modules/pending/discord_desktop_core-1.zip: 63%
11/21/2025, 6:44:58 AM UTC [Modules] Streaming discord_desktop_core@1 to /home/typo/.config/discord/0.0.115/modules/pending/discord_desktop_core-1.zip: 64%
11/21/2025, 6:44:58 AM UTC [Modules] Streaming discord_desktop_core@1 to /home/typo/.config/discord/0.0.115/modules/pending/discord_desktop_core-1.zip: 65%
11/21/2025, 6:44:58 AM UTC [Modules] Streaming discord_desktop_core@1 to /home/typo/.config/discord/0.0.115/modules/pending/discord_desktop_core-1.zip: 66%
11/21/2025, 6:44:58 AM UTC [Modules] Streaming discord_desktop_core@1 to /home/typo/.config/discord/0.0.115/modules/pending/discord_desktop_core-1.zip: 67%
11/21/2025, 6:44:58 AM UTC [Modules] Streaming discord_desktop_core@1 to /home/typo/.config/discord/0.0.115/modules/pending/discord_desktop_core-1.zip: 68%
11/21/2025, 6:44:58 AM UTC [Modules] Streaming discord_desktop_core@1 to /home/typo/.config/discord/0.0.115/modules/pending/discord_desktop_core-1.zip: 69%
11/21/2025, 6:44:58 AM UTC [Modules] Streaming discord_desktop_core@1 to /home/typo/.config/discord/0.0.115/modules/pending/discord_desktop_core-1.zip: 70%
11/21/2025, 6:44:58 AM UTC [Modules] Streaming discord_desktop_core@1 to /home/typo/.config/discord/0.0.115/modules/pending/discord_desktop_core-1.zip: 71%
11/21/2025, 6:44:58 AM UTC [Modules] Streaming discord_desktop_core@1 to /home/typo/.config/discord/0.0.115/modules/pending/discord_desktop_core-1.zip: 72%
11/21/2025, 6:44:58 AM UTC [Modules] Streaming discord_desktop_core@1 to /home/typo/.config/discord/0.0.115/modules/pending/discord_desktop_core-1.zip: 73%
11/21/2025, 6:44:58 AM UTC [Modules] Streaming discord_desktop_core@1 to /home/typo/.config/discord/0.0.115/modules/pending/discord_desktop_core-1.zip: 74%
11/21/2025, 6:44:58 AM UTC [Modules] Streaming discord_desktop_core@1 to /home/typo/.config/discord/0.0.115/modules/pending/discord_desktop_core-1.zip: 75%
11/21/2025, 6:44:58 AM UTC [Modules] Streaming discord_desktop_core@1 to /home/typo/.config/discord/0.0.115/modules/pending/discord_desktop_core-1.zip: 76%
11/21/2025, 6:44:58 AM UTC [Modules] Streaming discord_desktop_core@1 to /home/typo/.config/discord/0.0.115/modules/pending/discord_desktop_core-1.zip: 77%
11/21/2025, 6:44:58 AM UTC [Modules] Streaming discord_desktop_core@1 to /home/typo/.config/discord/0.0.115/modules/pending/discord_desktop_core-1.zip: 78%
11/21/2025, 6:44:58 AM UTC [Modules] Streaming discord_desktop_core@1 to /home/typo/.config/discord/0.0.115/modules/pending/discord_desktop_core-1.zip: 79%
11/21/2025, 6:44:58 AM UTC [Modules] Streaming discord_desktop_core@1 to /home/typo/.config/discord/0.0.115/modules/pending/discord_desktop_core-1.zip: 80%
11/21/2025, 6:44:58 AM UTC [Modules] Streaming discord_desktop_core@1 to /home/typo/.config/discord/0.0.115/modules/pending/discord_desktop_core-1.zip: 81%
11/21/2025, 6:44:58 AM UTC [Modules] Streaming discord_desktop_core@1 to /home/typo/.config/discord/0.0.115/modules/pending/discord_desktop_core-1.zip: 82%
11/21/2025, 6:44:58 AM UTC [Modules] Streaming discord_desktop_core@1 to /home/typo/.config/discord/0.0.115/modules/pending/discord_desktop_core-1.zip: 83%
11/21/2025, 6:44:58 AM UTC [Modules] Streaming discord_desktop_core@1 to /home/typo/.config/discord/0.0.115/modules/pending/discord_desktop_core-1.zip: 84%
11/21/2025, 6:44:58 AM UTC [Modules] Streaming discord_desktop_core@1 to /home/typo/.config/discord/0.0.115/modules/pending/discord_desktop_core-1.zip: 85%
11/21/2025, 6:44:58 AM UTC [Modules] Streaming discord_desktop_core@1 to /home/typo/.config/discord/0.0.115/modules/pending/discord_desktop_core-1.zip: 86%
11/21/2025, 6:44:58 AM UTC [Modules] Streaming discord_desktop_core@1 to /home/typo/.config/discord/0.0.115/modules/pending/discord_desktop_core-1.zip: 87%
11/21/2025, 6:44:58 AM UTC [Modules] Streaming discord_desktop_core@1 to /home/typo/.config/discord/0.0.115/modules/pending/discord_desktop_core-1.zip: 88%
11/21/2025, 6:44:58 AM UTC [Modules] Streaming discord_desktop_core@1 to /home/typo/.config/discord/0.0.115/modules/pending/discord_desktop_core-1.zip: 89%
11/21/2025, 6:44:58 AM UTC [Modules] Streaming discord_desktop_core@1 to /home/typo/.config/discord/0.0.115/modules/pending/discord_desktop_core-1.zip: 90%
11/21/2025, 6:44:58 AM UTC [Modules] Streaming discord_desktop_core@1 to /home/typo/.config/discord/0.0.115/modules/pending/discord_desktop_core-1.zip: 91%
11/21/2025, 6:44:58 AM UTC [Modules] Streaming discord_desktop_core@1 to /home/typo/.config/discord/0.0.115/modules/pending/discord_desktop_core-1.zip: 92%
11/21/2025, 6:44:58 AM UTC [Modules] Streaming discord_desktop_core@1 to /home/typo/.config/discord/0.0.115/modules/pending/discord_desktop_core-1.zip: 93%
11/21/2025, 6:44:58 AM UTC [Modules] Streaming discord_desktop_core@1 to /home/typo/.config/discord/0.0.115/modules/pending/discord_desktop_core-1.zip: 94%
11/21/2025, 6:44:58 AM UTC [Modules] Streaming discord_desktop_core@1 to /home/typo/.config/discord/0.0.115/modules/pending/discord_desktop_core-1.zip: 95%
11/21/2025, 6:44:58 AM UTC [Modules] Streaming discord_desktop_core@1 to /home/typo/.config/discord/0.0.115/modules/pending/discord_desktop_core-1.zip: 96%
11/21/2025, 6:44:58 AM UTC [Modules] Streaming discord_desktop_core@1 to /home/typo/.config/discord/0.0.115/modules/pending/discord_desktop_core-1.zip: 97%
11/21/2025, 6:44:58 AM UTC [Modules] Streaming discord_desktop_core@1 to /home/typo/.config/discord/0.0.115/modules/pending/discord_desktop_core-1.zip: 98%
11/21/2025, 6:44:58 AM UTC [Modules] Streaming discord_desktop_core@1 to /home/typo/.config/discord/0.0.115/modules/pending/discord_desktop_core-1.zip: 99%
11/21/2025, 6:44:58 AM UTC [Modules] Streaming discord_desktop_core@1 to /home/typo/.config/discord/0.0.115/modules/pending/discord_desktop_core-1.zip: 100%
11/21/2025, 6:44:58 AM UTC [Modules] Fetching discord_erlpack@1 from https://discord.com/api/modules/stable/discord_erlpack/1
11/21/2025, 6:44:58 AM UTC [Modules] Streaming discord_erlpack@1 to /home/typo/.config/discord/0.0.115/modules/pending/discord_erlpack-1.zip
11/21/2025, 6:44:59 AM UTC [Modules] Streaming discord_erlpack@1 to /home/typo/.config/discord/0.0.115/modules/pending/discord_erlpack-1.zip: 1%
11/21/2025, 6:44:59 AM UTC [Modules] Streaming discord_erlpack@1 to /home/typo/.config/discord/0.0.115/modules/pending/discord_erlpack-1.zip: 2%
11/21/2025, 6:44:59 AM UTC [Modules] Streaming discord_erlpack@1 to /home/typo/.config/discord/0.0.115/modules/pending/discord_erlpack-1.zip: 3%
11/21/2025, 6:44:59 AM UTC [Modules] Streaming discord_erlpack@1 to /home/typo/.config/discord/0.0.115/modules/pending/discord_erlpack-1.zip: 4%
11/21/2025, 6:44:59 AM UTC [Modules] Streaming discord_erlpack@1 to /home/typo/.config/discord/0.0.115/modules/pending/discord_erlpack-1.zip: 5%
11/21/2025, 6:44:59 AM UTC [Modules] Streaming discord_erlpack@1 to /home/typo/.config/discord/0.0.115/modules/pending/discord_erlpack-1.zip: 6%
11/21/2025, 6:44:59 AM UTC [Modules] Streaming discord_erlpack@1 to /home/typo/.config/discord/0.0.115/modules/pending/discord_erlpack-1.zip: 7%
11/21/2025, 6:44:59 AM UTC [Modules] Streaming discord_erlpack@1 to /home/typo/.config/discord/0.0.115/modules/pending/discord_erlpack-1.zip: 8%
11/21/2025, 6:44:59 AM UTC [Modules] Streaming discord_erlpack@1 to /home/typo/.config/discord/0.0.115/modules/pending/discord_erlpack-1.zip: 9%
11/21/2025, 6:44:59 AM UTC [Modules] Streaming discord_erlpack@1 to /home/typo/.config/discord/0.0.115/modules/pending/discord_erlpack-1.zip: 10%
11/21/2025, 6:44:59 AM UTC [Modules] Streaming discord_erlpack@1 to /home/typo/.config/discord/0.0.115/modules/pending/discord_erlpack-1.zip: 11%
11/21/2025, 6:44:59 AM UTC [Modules] Streaming discord_erlpack@1 to /home/typo/.config/discord/0.0.115/modules/pending/discord_erlpack-1.zip: 12%
11/21/2025, 6:44:59 AM UTC [Modules] Streaming discord_erlpack@1 to /home/typo/.config/discord/0.0.115/modules/pending/discord_erlpack-1.zip: 13%
11/21/2025, 6:44:59 AM UTC [Modules] Streaming discord_erlpack@1 to /home/typo/.config/discord/0.0.115/modules/pending/discord_erlpack-1.zip: 14%
11/21/2025, 6:44:59 AM UTC [Modules] Streaming discord_erlpack@1 to /home/typo/.config/discord/0.0.115/modules/pending/discord_erlpack-1.zip: 15%
11/21/2025, 6:44:59 AM UTC [Modules] Streaming discord_erlpack@1 to /home/typo/.config/discord/0.0.115/modules/pending/discord_erlpack-1.zip: 16%
11/21/2025, 6:44:59 AM UTC [Modules] Streaming discord_erlpack@1 to /home/typo/.config/discord/0.0.115/modules/pending/discord_erlpack-1.zip: 17%
11/21/2025, 6:44:59 AM UTC [Modules] Streaming discord_erlpack@1 to /home/typo/.config/discord/0.0.115/modules/pending/discord_erlpack-1.zip: 18%
11/21/2025, 6:44:59 AM UTC [Modules] Streaming discord_erlpack@1 to /home/typo/.config/discord/0.0.115/modules/pending/discord_erlpack-1.zip: 19%
11/21/2025, 6:44:59 AM UTC [Modules] Streaming discord_erlpack@1 to /home/typo/.config/discord/0.0.115/modules/pending/discord_erlpack-1.zip: 20%
11/21/2025, 6:44:59 AM UTC [Modules] Streaming discord_erlpack@1 to /home/typo/.config/discord/0.0.115/modules/pending/discord_erlpack-1.zip: 21%
11/21/2025, 6:44:59 AM UTC [Modules] Streaming discord_erlpack@1 to /home/typo/.config/discord/0.0.115/modules/pending/discord_erlpack-1.zip: 22%
11/21/2025, 6:44:59 AM UTC [Modules] Streaming discord_erlpack@1 to /home/typo/.config/discord/0.0.115/modules/pending/discord_erlpack-1.zip: 23%
11/21/2025, 6:44:59 AM UTC [Modules] Streaming discord_erlpack@1 to /home/typo/.config/discord/0.0.115/modules/pending/discord_erlpack-1.zip: 24%
11/21/2025, 6:44:59 AM UTC [Modules] Streaming discord_erlpack@1 to /home/typo/.config/discord/0.0.115/modules/pending/discord_erlpack-1.zip: 25%
11/21/2025, 6:44:59 AM UTC [Modules] Streaming discord_erlpack@1 to /home/typo/.config/discord/0.0.115/modules/pending/discord_erlpack-1.zip: 26%
11/21/2025, 6:44:59 AM UTC [Modules] Streaming discord_erlpack@1 to /home/typo/.config/discord/0.0.115/modules/pending/discord_erlpack-1.zip: 27%
11/21/2025, 6:44:59 AM UTC [Modules] Streaming discord_erlpack@1 to /home/typo/.config/discord/0.0.115/modules/pending/discord_erlpack-1.zip: 28%
11/21/2025, 6:44:59 AM UTC [Modules] Streaming discord_erlpack@1 to /home/typo/.config/discord/0.0.115/modules/pending/discord_erlpack-1.zip: 29%
11/21/2025, 6:44:59 AM UTC [Modules] Streaming discord_erlpack@1 to /home/typo/.config/discord/0.0.115/modules/pending/discord_erlpack-1.zip: 30%
11/21/2025, 6:44:59 AM UTC [Modules] Streaming discord_erlpack@1 to /home/typo/.config/discord/0.0.115/modules/pending/discord_erlpack-1.zip: 31%
11/21/2025, 6:44:59 AM UTC [Modules] Streaming discord_erlpack@1 to /home/typo/.config/discord/0.0.115/modules/pending/discord_erlpack-1.zip: 32%
11/21/2025, 6:44:59 AM UTC [Modules] Streaming discord_erlpack@1 to /home/typo/.config/discord/0.0.115/modules/pending/discord_erlpack-1.zip: 33%
11/21/2025, 6:44:59 AM UTC [Modules] Streaming discord_erlpack@1 to /home/typo/.config/discord/0.0.115/modules/pending/discord_erlpack-1.zip: 34%
11/21/2025, 6:44:59 AM UTC [Modules] Streaming discord_erlpack@1 to /home/typo/.config/discord/0.0.115/modules/pending/discord_erlpack-1.zip: 35%
11/21/2025, 6:44:59 AM UTC [Modules] Streaming discord_erlpack@1 to /home/typo/.config/discord/0.0.115/modules/pending/discord_erlpack-1.zip: 36%
11/21/2025, 6:44:59 AM UTC [Modules] Streaming discord_erlpack@1 to /home/typo/.config/discord/0.0.115/modules/pending/discord_erlpack-1.zip: 37%
11/21/2025, 6:44:59 AM UTC [Modules] Streaming discord_erlpack@1 to /home/typo/.config/discord/0.0.115/modules/pending/discord_erlpack-1.zip: 38%
11/21/2025, 6:44:59 AM UTC [Modules] Streaming discord_erlpack@1 to /home/typo/.config/discord/0.0.115/modules/pending/discord_erlpack-1.zip: 39%
11/21/2025, 6:44:59 AM UTC [Modules] Streaming discord_erlpack@1 to /home/typo/.config/discord/0.0.115/modules/pending/discord_erlpack-1.zip: 40%
11/21/2025, 6:44:59 AM UTC [Modules] Streaming discord_erlpack@1 to /home/typo/.config/discord/0.0.115/modules/pending/discord_erlpack-1.zip: 41%
11/21/2025, 6:45:00 AM UTC [Modules] Streaming discord_erlpack@1 to /home/typo/.config/discord/0.0.115/modules/pending/discord_erlpack-1.zip: 42%
11/21/2025, 6:45:00 AM UTC [Modules] Streaming discord_erlpack@1 to /home/typo/.config/discord/0.0.115/modules/pending/discord_erlpack-1.zip: 43%
11/21/2025, 6:45:00 AM UTC [Modules] Streaming discord_erlpack@1 to /home/typo/.config/discord/0.0.115/modules/pending/discord_erlpack-1.zip: 44%
11/21/2025, 6:45:00 AM UTC [Modules] Streaming discord_erlpack@1 to /home/typo/.config/discord/0.0.115/modules/pending/discord_erlpack-1.zip: 45%
11/21/2025, 6:45:00 AM UTC [Modules] Streaming discord_erlpack@1 to /home/typo/.config/discord/0.0.115/modules/pending/discord_erlpack-1.zip: 46%
11/21/2025, 6:45:00 AM UTC [Modules] Streaming discord_erlpack@1 to /home/typo/.config/discord/0.0.115/modules/pending/discord_erlpack-1.zip: 47%
11/21/2025, 6:45:00 AM UTC [Modules] Streaming discord_erlpack@1 to /home/typo/.config/discord/0.0.115/modules/pending/discord_erlpack-1.zip: 48%
11/21/2025, 6:45:00 AM UTC [Modules] Streaming discord_erlpack@1 to /home/typo/.config/discord/0.0.115/modules/pending/discord_erlpack-1.zip: 49%
11/21/2025, 6:45:00 AM UTC [Modules] Streaming discord_erlpack@1 to /home/typo/.config/discord/0.0.115/modules/pending/discord_erlpack-1.zip: 50%
11/21/2025, 6:45:00 AM UTC [Modules] Streaming discord_erlpack@1 to /home/typo/.config/discord/0.0.115/modules/pending/discord_erlpack-1.zip: 51%
11/21/2025, 6:45:00 AM UTC [Modules] Streaming discord_erlpack@1 to /home/typo/.config/discord/0.0.115/modules/pending/discord_erlpack-1.zip: 52%
11/21/2025, 6:45:00 AM UTC [Modules] Streaming discord_erlpack@1 to /home/typo/.config/discord/0.0.115/modules/pending/discord_erlpack-1.zip: 53%
11/21/2025, 6:45:00 AM UTC [Modules] Streaming discord_erlpack@1 to /home/typo/.config/discord/0.0.115/modules/pending/discord_erlpack-1.zip: 54%
11/21/2025, 6:45:00 AM UTC [Modules] Streaming discord_erlpack@1 to /home/typo/.config/discord/0.0.115/modules/pending/discord_erlpack-1.zip: 55%
11/21/2025, 6:45:00 AM UTC [Modules] Streaming discord_erlpack@1 to /home/typo/.config/discord/0.0.115/modules/pending/discord_erlpack-1.zip: 56%
11/21/2025, 6:45:00 AM UTC [Modules] Streaming discord_erlpack@1 to /home/typo/.config/discord/0.0.115/modules/pending/discord_erlpack-1.zip: 57%
11/21/2025, 6:45:00 AM UTC [Modules] Streaming discord_erlpack@1 to /home/typo/.config/discord/0.0.115/modules/pending/discord_erlpack-1.zip: 58%
11/21/2025, 6:45:00 AM UTC [Modules] Streaming discord_erlpack@1 to /home/typo/.config/discord/0.0.115/modules/pending/discord_erlpack-1.zip: 59%
11/21/2025, 6:45:00 AM UTC [Modules] Streaming discord_erlpack@1 to /home/typo/.config/discord/0.0.115/modules/pending/discord_erlpack-1.zip: 60%
11/21/2025, 6:45:00 AM UTC [Modules] Streaming discord_erlpack@1 to /home/typo/.config/discord/0.0.115/modules/pending/discord_erlpack-1.zip: 61%
11/21/2025, 6:45:00 AM UTC [Modules] Streaming discord_erlpack@1 to /home/typo/.config/discord/0.0.115/modules/pending/discord_erlpack-1.zip: 62%
11/21/2025, 6:45:00 AM UTC [Modules] Streaming discord_erlpack@1 to /home/typo/.config/discord/0.0.115/modules/pending/discord_erlpack-1.zip: 63%
11/21/2025, 6:45:00 AM UTC [Modules] Streaming discord_erlpack@1 to /home/typo/.config/discord/0.0.115/modules/pending/discord_erlpack-1.zip: 64%
11/21/2025, 6:45:00 AM UTC [Modules] Streaming discord_erlpack@1 to /home/typo/.config/discord/0.0.115/modules/pending/discord_erlpack-1.zip: 65%
11/21/2025, 6:45:00 AM UTC [Modules] Streaming discord_erlpack@1 to /home/typo/.config/discord/0.0.115/modules/pending/discord_erlpack-1.zip: 66%
11/21/2025, 6:45:00 AM UTC [Modules] Streaming discord_erlpack@1 to /home/typo/.config/discord/0.0.115/modules/pending/discord_erlpack-1.zip: 67%
11/21/2025, 6:45:00 AM UTC [Modules] Streaming discord_erlpack@1 to /home/typo/.config/discord/0.0.115/modules/pending/discord_erlpack-1.zip: 68%
11/21/2025, 6:45:00 AM UTC [Modules] Streaming discord_erlpack@1 to /home/typo/.config/discord/0.0.115/modules/pending/discord_erlpack-1.zip: 69%
11/21/2025, 6:45:00 AM UTC [Modules] Streaming discord_erlpack@1 to /home/typo/.config/discord/0.0.115/modules/pending/discord_erlpack-1.zip: 70%
11/21/2025, 6:45:00 AM UTC [Modules] Streaming discord_erlpack@1 to /home/typo/.config/discord/0.0.115/modules/pending/discord_erlpack-1.zip: 71%
11/21/2025, 6:45:00 AM UTC [Modules] Streaming discord_erlpack@1 to /home/typo/.config/discord/0.0.115/modules/pending/discord_erlpack-1.zip: 72%
11/21/2025, 6:45:00 AM UTC [Modules] Streaming discord_erlpack@1 to /home/typo/.config/discord/0.0.115/modules/pending/discord_erlpack-1.zip: 73%
11/21/2025, 6:45:00 AM UTC [Modules] Streaming discord_erlpack@1 to /home/typo/.config/discord/0.0.115/modules/pending/discord_erlpack-1.zip: 74%
11/21/2025, 6:45:00 AM UTC [Modules] Streaming discord_erlpack@1 to /home/typo/.config/discord/0.0.115/modules/pending/discord_erlpack-1.zip: 75%
11/21/2025, 6:45:00 AM UTC [Modules] Streaming discord_erlpack@1 to /home/typo/.config/discord/0.0.115/modules/pending/discord_erlpack-1.zip: 76%
11/21/2025, 6:45:00 AM UTC [Modules] Streaming discord_erlpack@1 to /home/typo/.config/discord/0.0.115/modules/pending/discord_erlpack-1.zip: 77%
11/21/2025, 6:45:00 AM UTC [Modules] Streaming discord_erlpack@1 to /home/typo/.config/discord/0.0.115/modules/pending/discord_erlpack-1.zip: 78%
11/21/2025, 6:45:00 AM UTC [Modules] Streaming discord_erlpack@1 to /home/typo/.config/discord/0.0.115/modules/pending/discord_erlpack-1.zip: 79%
11/21/2025, 6:45:00 AM UTC [Modules] Streaming discord_erlpack@1 to /home/typo/.config/discord/0.0.115/modules/pending/discord_erlpack-1.zip: 80%
11/21/2025, 6:45:00 AM UTC [Modules] Streaming discord_erlpack@1 to /home/typo/.config/discord/0.0.115/modules/pending/discord_erlpack-1.zip: 81%
11/21/2025, 6:45:00 AM UTC [Modules] Streaming discord_erlpack@1 to /home/typo/.config/discord/0.0.115/modules/pending/discord_erlpack-1.zip: 82%
11/21/2025, 6:45:00 AM UTC [Modules] Streaming discord_erlpack@1 to /home/typo/.config/discord/0.0.115/modules/pending/discord_erlpack-1.zip: 83%
11/21/2025, 6:45:00 AM UTC [Modules] Streaming discord_erlpack@1 to /home/typo/.config/discord/0.0.115/modules/pending/discord_erlpack-1.zip: 84%
11/21/2025, 6:45:00 AM UTC [Modules] Streaming discord_erlpack@1 to /home/typo/.config/discord/0.0.115/modules/pending/discord_erlpack-1.zip: 85%
11/21/2025, 6:45:00 AM UTC [Modules] Streaming discord_erlpack@1 to /home/typo/.config/discord/0.0.115/modules/pending/discord_erlpack-1.zip: 86%
11/21/2025, 6:45:00 AM UTC [Modules] Streaming discord_erlpack@1 to /home/typo/.config/discord/0.0.115/modules/pending/discord_erlpack-1.zip: 87%
11/21/2025, 6:45:00 AM UTC [Modules] Streaming discord_erlpack@1 to /home/typo/.config/discord/0.0.115/modules/pending/discord_erlpack-1.zip: 88%
11/21/2025, 6:45:00 AM UTC [Modules] Streaming discord_erlpack@1 to /home/typo/.config/discord/0.0.115/modules/pending/discord_erlpack-1.zip: 89%
11/21/2025, 6:45:00 AM UTC [Modules] Streaming discord_erlpack@1 to /home/typo/.config/discord/0.0.115/modules/pending/discord_erlpack-1.zip: 90%
11/21/2025, 6:45:00 AM UTC [Modules] Streaming discord_erlpack@1 to /home/typo/.config/discord/0.0.115/modules/pending/discord_erlpack-1.zip: 91%
11/21/2025, 6:45:00 AM UTC [Modules] Streaming discord_erlpack@1 to /home/typo/.config/discord/0.0.115/modules/pending/discord_erlpack-1.zip: 92%
11/21/2025, 6:45:00 AM UTC [Modules] Streaming discord_erlpack@1 to /home/typo/.config/discord/0.0.115/modules/pending/discord_erlpack-1.zip: 93%
11/21/2025, 6:45:00 AM UTC [Modules] Streaming discord_erlpack@1 to /home/typo/.config/discord/0.0.115/modules/pending/discord_erlpack-1.zip: 94%
11/21/2025, 6:45:00 AM UTC [Modules] Streaming discord_erlpack@1 to /home/typo/.config/discord/0.0.115/modules/pending/discord_erlpack-1.zip: 95%
11/21/2025, 6:45:00 AM UTC [Modules] Streaming discord_erlpack@1 to /home/typo/.config/discord/0.0.115/modules/pending/discord_erlpack-1.zip: 96%
11/21/2025, 6:45:00 AM UTC [Modules] Streaming discord_erlpack@1 to /home/typo/.config/discord/0.0.115/modules/pending/discord_erlpack-1.zip: 97%
11/21/2025, 6:45:00 AM UTC [Modules] Streaming discord_erlpack@1 to /home/typo/.config/discord/0.0.115/modules/pending/discord_erlpack-1.zip: 98%
11/21/2025, 6:45:00 AM UTC [Modules] Streaming discord_erlpack@1 to /home/typo/.config/discord/0.0.115/modules/pending/discord_erlpack-1.zip: 99%
11/21/2025, 6:45:00 AM UTC [Modules] Streaming discord_erlpack@1 to /home/typo/.config/discord/0.0.115/modules/pending/discord_erlpack-1.zip: 100%
11/21/2025, 6:45:00 AM UTC [Modules] Fetching discord_spellcheck@1 from https://discord.com/api/modules/stable/discord_spellcheck/1
11/21/2025, 6:45:00 AM UTC [Modules] Streaming discord_spellcheck@1 to /home/typo/.config/discord/0.0.115/modules/pending/discord_spellcheck-1.zip
11/21/2025, 6:45:01 AM UTC [Modules] Streaming discord_spellcheck@1 to /home/typo/.config/discord/0.0.115/modules/pending/discord_spellcheck-1.zip: 1%
11/21/2025, 6:45:01 AM UTC [Modules] Streaming discord_spellcheck@1 to /home/typo/.config/discord/0.0.115/modules/pending/discord_spellcheck-1.zip: 2%
11/21/2025, 6:45:01 AM UTC [Modules] Streaming discord_spellcheck@1 to /home/typo/.config/discord/0.0.115/modules/pending/discord_spellcheck-1.zip: 3%
11/21/2025, 6:45:01 AM UTC [Modules] Streaming discord_spellcheck@1 to /home/typo/.config/discord/0.0.115/modules/pending/discord_spellcheck-1.zip: 4%
11/21/2025, 6:45:01 AM UTC [Modules] Streaming discord_spellcheck@1 to /home/typo/.config/discord/0.0.115/modules/pending/discord_spellcheck-1.zip: 5%
11/21/2025, 6:45:01 AM UTC [Modules] Streaming discord_spellcheck@1 to /home/typo/.config/discord/0.0.115/modules/pending/discord_spellcheck-1.zip: 6%
11/21/2025, 6:45:01 AM UTC [Modules] Streaming discord_spellcheck@1 to /home/typo/.config/discord/0.0.115/modules/pending/discord_spellcheck-1.zip: 7%
11/21/2025, 6:45:01 AM UTC [Modules] Streaming discord_spellcheck@1 to /home/typo/.config/discord/0.0.115/modules/pending/discord_spellcheck-1.zip: 8%
11/21/2025, 6:45:01 AM UTC [Modules] Streaming discord_spellcheck@1 to /home/typo/.config/discord/0.0.115/modules/pending/discord_spellcheck-1.zip: 9%
11/21/2025, 6:45:01 AM UTC [Modules] Streaming discord_spellcheck@1 to /home/typo/.config/discord/0.0.115/modules/pending/discord_spellcheck-1.zip: 10%
11/21/2025, 6:45:01 AM UTC [Modules] Streaming discord_spellcheck@1 to /home/typo/.config/discord/0.0.115/modules/pending/discord_spellcheck-1.zip: 11%
11/21/2025, 6:45:01 AM UTC [Modules] Streaming discord_spellcheck@1 to /home/typo/.config/discord/0.0.115/modules/pending/discord_spellcheck-1.zip: 12%
11/21/2025, 6:45:01 AM UTC [Modules] Streaming discord_spellcheck@1 to /home/typo/.config/discord/0.0.115/modules/pending/discord_spellcheck-1.zip: 13%
11/21/2025, 6:45:01 AM UTC [Modules] Streaming discord_spellcheck@1 to /home/typo/.config/discord/0.0.115/modules/pending/discord_spellcheck-1.zip: 14%
11/21/2025, 6:45:01 AM UTC [Modules] Streaming discord_spellcheck@1 to /home/typo/.config/discord/0.0.115/modules/pending/discord_spellcheck-1.zip: 15%
11/21/2025, 6:45:01 AM UTC [Modules] Streaming discord_spellcheck@1 to /home/typo/.config/discord/0.0.115/modules/pending/discord_spellcheck-1.zip: 16%
11/21/2025, 6:45:01 AM UTC [Modules] Streaming discord_spellcheck@1 to /home/typo/.config/discord/0.0.115/modules/pending/discord_spellcheck-1.zip: 17%
11/21/2025, 6:45:01 AM UTC [Modules] Streaming discord_spellcheck@1 to /home/typo/.config/discord/0.0.115/modules/pending/discord_spellcheck-1.zip: 18%
11/21/2025, 6:45:01 AM UTC [Modules] Streaming discord_spellcheck@1 to /home/typo/.config/discord/0.0.115/modules/pending/discord_spellcheck-1.zip: 19%
11/21/2025, 6:45:01 AM UTC [Modules] Streaming discord_spellcheck@1 to /home/typo/.config/discord/0.0.115/modules/pending/discord_spellcheck-1.zip: 20%
11/21/2025, 6:45:02 AM UTC [Modules] Streaming discord_spellcheck@1 to /home/typo/.config/discord/0.0.115/modules/pending/discord_spellcheck-1.zip: 21%
11/21/2025, 6:45:02 AM UTC [Modules] Streaming discord_spellcheck@1 to /home/typo/.config/discord/0.0.115/modules/pending/discord_spellcheck-1.zip: 22%
11/21/2025, 6:45:02 AM UTC [Modules] Streaming discord_spellcheck@1 to /home/typo/.config/discord/0.0.115/modules/pending/discord_spellcheck-1.zip: 23%
11/21/2025, 6:45:02 AM UTC [Modules] Streaming discord_spellcheck@1 to /home/typo/.config/discord/0.0.115/modules/pending/discord_spellcheck-1.zip: 24%
11/21/2025, 6:45:02 AM UTC [Modules] Streaming discord_spellcheck@1 to /home/typo/.config/discord/0.0.115/modules/pending/discord_spellcheck-1.zip: 25%
11/21/2025, 6:45:02 AM UTC [Modules] Streaming discord_spellcheck@1 to /home/typo/.config/discord/0.0.115/modules/pending/discord_spellcheck-1.zip: 26%
11/21/2025, 6:45:02 AM UTC [Modules] Streaming discord_spellcheck@1 to /home/typo/.config/discord/0.0.115/modules/pending/discord_spellcheck-1.zip: 27%
11/21/2025, 6:45:02 AM UTC [Modules] Streaming discord_spellcheck@1 to /home/typo/.config/discord/0.0.115/modules/pending/discord_spellcheck-1.zip: 28%
11/21/2025, 6:45:02 AM UTC [Modules] Streaming discord_spellcheck@1 to /home/typo/.config/discord/0.0.115/modules/pending/discord_spellcheck-1.zip: 29%
11/21/2025, 6:45:02 AM UTC [Modules] Streaming discord_spellcheck@1 to /home/typo/.config/discord/0.0.115/modules/pending/discord_spellcheck-1.zip: 30%
11/21/2025, 6:45:02 AM UTC [Modules] Streaming discord_spellcheck@1 to /home/typo/.config/discord/0.0.115/modules/pending/discord_spellcheck-1.zip: 31%
11/21/2025, 6:45:02 AM UTC [Modules] Streaming discord_spellcheck@1 to /home/typo/.config/discord/0.0.115/modules/pending/discord_spellcheck-1.zip: 32%
11/21/2025, 6:45:02 AM UTC [Modules] Streaming discord_spellcheck@1 to /home/typo/.config/discord/0.0.115/modules/pending/discord_spellcheck-1.zip: 33%
11/21/2025, 6:45:02 AM UTC [Modules] Streaming discord_spellcheck@1 to /home/typo/.config/discord/0.0.115/modules/pending/discord_spellcheck-1.zip: 34%
11/21/2025, 6:45:02 AM UTC [Modules] Streaming discord_spellcheck@1 to /home/typo/.config/discord/0.0.115/modules/pending/discord_spellcheck-1.zip: 35%
11/21/2025, 6:45:02 AM UTC [Modules] Streaming discord_spellcheck@1 to /home/typo/.config/discord/0.0.115/modules/pending/discord_spellcheck-1.zip: 36%
11/21/2025, 6:45:02 AM UTC [Modules] Streaming discord_spellcheck@1 to /home/typo/.config/discord/0.0.115/modules/pending/discord_spellcheck-1.zip: 37%
11/21/2025, 6:45:02 AM UTC [Modules] Streaming discord_spellcheck@1 to /home/typo/.config/discord/0.0.115/modules/pending/discord_spellcheck-1.zip: 38%
11/21/2025, 6:45:02 AM UTC [Modules] Streaming discord_spellcheck@1 to /home/typo/.config/discord/0.0.115/modules/pending/discord_spellcheck-1.zip: 39%
11/21/2025, 6:45:02 AM UTC [Modules] Streaming discord_spellcheck@1 to /home/typo/.config/discord/0.0.115/modules/pending/discord_spellcheck-1.zip: 40%
11/21/2025, 6:45:02 AM UTC [Modules] Streaming discord_spellcheck@1 to /home/typo/.config/discord/0.0.115/modules/pending/discord_spellcheck-1.zip: 41%
11/21/2025, 6:45:02 AM UTC [Modules] Streaming discord_spellcheck@1 to /home/typo/.config/discord/0.0.115/modules/pending/discord_spellcheck-1.zip: 42%
11/21/2025, 6:45:02 AM UTC [Modules] Streaming discord_spellcheck@1 to /home/typo/.config/discord/0.0.115/modules/pending/discord_spellcheck-1.zip: 43%
11/21/2025, 6:45:02 AM UTC [Modules] Streaming discord_spellcheck@1 to /home/typo/.config/discord/0.0.115/modules/pending/discord_spellcheck-1.zip: 44%
11/21/2025, 6:45:02 AM UTC [Modules] Streaming discord_spellcheck@1 to /home/typo/.config/discord/0.0.115/modules/pending/discord_spellcheck-1.zip: 45%
11/21/2025, 6:45:02 AM UTC [Modules] Streaming discord_spellcheck@1 to /home/typo/.config/discord/0.0.115/modules/pending/discord_spellcheck-1.zip: 46%
11/21/2025, 6:45:02 AM UTC [Modules] Streaming discord_spellcheck@1 to /home/typo/.config/discord/0.0.115/modules/pending/discord_spellcheck-1.zip: 47%
11/21/2025, 6:45:02 AM UTC [Modules] Streaming discord_spellcheck@1 to /home/typo/.config/discord/0.0.115/modules/pending/discord_spellcheck-1.zip: 48%
11/21/2025, 6:45:02 AM UTC [Modules] Streaming discord_spellcheck@1 to /home/typo/.config/discord/0.0.115/modules/pending/discord_spellcheck-1.zip: 49%
11/21/2025, 6:45:02 AM UTC [Modules] Streaming discord_spellcheck@1 to /home/typo/.config/discord/0.0.115/modules/pending/discord_spellcheck-1.zip: 50%
11/21/2025, 6:45:02 AM UTC [Modules] Streaming discord_spellcheck@1 to /home/typo/.config/discord/0.0.115/modules/pending/discord_spellcheck-1.zip: 51%
11/21/2025, 6:45:02 AM UTC [Modules] Streaming discord_spellcheck@1 to /home/typo/.config/discord/0.0.115/modules/pending/discord_spellcheck-1.zip: 52%
11/21/2025, 6:45:02 AM UTC [Modules] Streaming discord_spellcheck@1 to /home/typo/.config/discord/0.0.115/modules/pending/discord_spellcheck-1.zip: 54%
11/21/2025, 6:45:02 AM UTC [Modules] Streaming discord_spellcheck@1 to /home/typo/.config/discord/0.0.115/modules/pending/discord_spellcheck-1.zip: 55%
11/21/2025, 6:45:02 AM UTC [Modules] Streaming discord_spellcheck@1 to /home/typo/.config/discord/0.0.115/modules/pending/discord_spellcheck-1.zip: 56%
11/21/2025, 6:45:02 AM UTC [Modules] Streaming discord_spellcheck@1 to /home/typo/.config/discord/0.0.115/modules/pending/discord_spellcheck-1.zip: 57%
11/21/2025, 6:45:02 AM UTC [Modules] Streaming discord_spellcheck@1 to /home/typo/.config/discord/0.0.115/modules/pending/discord_spellcheck-1.zip: 58%
11/21/2025, 6:45:02 AM UTC [Modules] Streaming discord_spellcheck@1 to /home/typo/.config/discord/0.0.115/modules/pending/discord_spellcheck-1.zip: 59%
11/21/2025, 6:45:02 AM UTC [Modules] Streaming discord_spellcheck@1 to /home/typo/.config/discord/0.0.115/modules/pending/discord_spellcheck-1.zip: 60%
11/21/2025, 6:45:02 AM UTC [Modules] Streaming discord_spellcheck@1 to /home/typo/.config/discord/0.0.115/modules/pending/discord_spellcheck-1.zip: 61%
11/21/2025, 6:45:02 AM UTC [Modules] Streaming discord_spellcheck@1 to /home/typo/.config/discord/0.0.115/modules/pending/discord_spellcheck-1.zip: 62%
11/21/2025, 6:45:02 AM UTC [Modules] Streaming discord_spellcheck@1 to /home/typo/.config/discord/0.0.115/modules/pending/discord_spellcheck-1.zip: 63%
11/21/2025, 6:45:02 AM UTC [Modules] Streaming discord_spellcheck@1 to /home/typo/.config/discord/0.0.115/modules/pending/discord_spellcheck-1.zip: 64%
11/21/2025, 6:45:02 AM UTC [Modules] Streaming discord_spellcheck@1 to /home/typo/.config/discord/0.0.115/modules/pending/discord_spellcheck-1.zip: 65%
11/21/2025, 6:45:02 AM UTC [Modules] Streaming discord_spellcheck@1 to /home/typo/.config/discord/0.0.115/modules/pending/discord_spellcheck-1.zip: 66%
11/21/2025, 6:45:03 AM UTC [Modules] Streaming discord_spellcheck@1 to /home/typo/.config/discord/0.0.115/modules/pending/discord_spellcheck-1.zip: 67%
11/21/2025, 6:45:03 AM UTC [Modules] Streaming discord_spellcheck@1 to /home/typo/.config/discord/0.0.115/modules/pending/discord_spellcheck-1.zip: 68%
11/21/2025, 6:45:03 AM UTC [Modules] Streaming discord_spellcheck@1 to /home/typo/.config/discord/0.0.115/modules/pending/discord_spellcheck-1.zip: 69%
11/21/2025, 6:45:03 AM UTC [Modules] Streaming discord_spellcheck@1 to /home/typo/.config/discord/0.0.115/modules/pending/discord_spellcheck-1.zip: 70%
11/21/2025, 6:45:03 AM UTC [Modules] Streaming discord_spellcheck@1 to /home/typo/.config/discord/0.0.115/modules/pending/discord_spellcheck-1.zip: 71%
11/21/2025, 6:45:03 AM UTC [Modules] Streaming discord_spellcheck@1 to /home/typo/.config/discord/0.0.115/modules/pending/discord_spellcheck-1.zip: 72%
11/21/2025, 6:45:03 AM UTC [Modules] Streaming discord_spellcheck@1 to /home/typo/.config/discord/0.0.115/modules/pending/discord_spellcheck-1.zip: 73%
11/21/2025, 6:45:03 AM UTC [Modules] Streaming discord_spellcheck@1 to /home/typo/.config/discord/0.0.115/modules/pending/discord_spellcheck-1.zip: 74%
11/21/2025, 6:45:03 AM UTC [Modules] Streaming discord_spellcheck@1 to /home/typo/.config/discord/0.0.115/modules/pending/discord_spellcheck-1.zip: 75%
11/21/2025, 6:45:03 AM UTC [Modules] Streaming discord_spellcheck@1 to /home/typo/.config/discord/0.0.115/modules/pending/discord_spellcheck-1.zip: 76%
11/21/2025, 6:45:03 AM UTC [Modules] Streaming discord_spellcheck@1 to /home/typo/.config/discord/0.0.115/modules/pending/discord_spellcheck-1.zip: 77%
11/21/2025, 6:45:03 AM UTC [Modules] Streaming discord_spellcheck@1 to /home/typo/.config/discord/0.0.115/modules/pending/discord_spellcheck-1.zip: 78%
11/21/2025, 6:45:03 AM UTC [Modules] Streaming discord_spellcheck@1 to /home/typo/.config/discord/0.0.115/modules/pending/discord_spellcheck-1.zip: 79%
11/21/2025, 6:45:03 AM UTC [Modules] Streaming discord_spellcheck@1 to /home/typo/.config/discord/0.0.115/modules/pending/discord_spellcheck-1.zip: 80%
11/21/2025, 6:45:03 AM UTC [Modules] Streaming discord_spellcheck@1 to /home/typo/.config/discord/0.0.115/modules/pending/discord_spellcheck-1.zip: 81%
11/21/2025, 6:45:03 AM UTC [Modules] Streaming discord_spellcheck@1 to /home/typo/.config/discord/0.0.115/modules/pending/discord_spellcheck-1.zip: 82%
11/21/2025, 6:45:03 AM UTC [Modules] Streaming discord_spellcheck@1 to /home/typo/.config/discord/0.0.115/modules/pending/discord_spellcheck-1.zip: 83%
11/21/2025, 6:45:03 AM UTC [Modules] Streaming discord_spellcheck@1 to /home/typo/.config/discord/0.0.115/modules/pending/discord_spellcheck-1.zip: 84%
11/21/2025, 6:45:03 AM UTC [Modules] Streaming discord_spellcheck@1 to /home/typo/.config/discord/0.0.115/modules/pending/discord_spellcheck-1.zip: 85%
11/21/2025, 6:45:03 AM UTC [Modules] Streaming discord_spellcheck@1 to /home/typo/.config/discord/0.0.115/modules/pending/discord_spellcheck-1.zip: 86%
11/21/2025, 6:45:03 AM UTC [Modules] Streaming discord_spellcheck@1 to /home/typo/.config/discord/0.0.115/modules/pending/discord_spellcheck-1.zip: 87%
11/21/2025, 6:45:03 AM UTC [Modules] Streaming discord_spellcheck@1 to /home/typo/.config/discord/0.0.115/modules/pending/discord_spellcheck-1.zip: 88%
11/21/2025, 6:45:03 AM UTC [Modules] Streaming discord_spellcheck@1 to /home/typo/.config/discord/0.0.115/modules/pending/discord_spellcheck-1.zip: 89%
11/21/2025, 6:45:03 AM UTC [Modules] Streaming discord_spellcheck@1 to /home/typo/.config/discord/0.0.115/modules/pending/discord_spellcheck-1.zip: 90%
11/21/2025, 6:45:03 AM UTC [Modules] Streaming discord_spellcheck@1 to /home/typo/.config/discord/0.0.115/modules/pending/discord_spellcheck-1.zip: 91%
11/21/2025, 6:45:03 AM UTC [Modules] Streaming discord_spellcheck@1 to /home/typo/.config/discord/0.0.115/modules/pending/discord_spellcheck-1.zip: 92%
11/21/2025, 6:45:03 AM UTC [Modules] Streaming discord_spellcheck@1 to /home/typo/.config/discord/0.0.115/modules/pending/discord_spellcheck-1.zip: 93%
11/21/2025, 6:45:03 AM UTC [Modules] Streaming discord_spellcheck@1 to /home/typo/.config/discord/0.0.115/modules/pending/discord_spellcheck-1.zip: 94%
11/21/2025, 6:45:03 AM UTC [Modules] Streaming discord_spellcheck@1 to /home/typo/.config/discord/0.0.115/modules/pending/discord_spellcheck-1.zip: 95%
11/21/2025, 6:45:03 AM UTC [Modules] Streaming discord_spellcheck@1 to /home/typo/.config/discord/0.0.115/modules/pending/discord_spellcheck-1.zip: 96%
11/21/2025, 6:45:03 AM UTC [Modules] Streaming discord_spellcheck@1 to /home/typo/.config/discord/0.0.115/modules/pending/discord_spellcheck-1.zip: 97%
11/21/2025, 6:45:03 AM UTC [Modules] Streaming discord_spellcheck@1 to /home/typo/.config/discord/0.0.115/modules/pending/discord_spellcheck-1.zip: 98%
11/21/2025, 6:45:03 AM UTC [Modules] Streaming discord_spellcheck@1 to /home/typo/.config/discord/0.0.115/modules/pending/discord_spellcheck-1.zip: 99%
11/21/2025, 6:45:03 AM UTC [Modules] Streaming discord_spellcheck@1 to /home/typo/.config/discord/0.0.115/modules/pending/discord_spellcheck-1.zip: 100%
11/21/2025, 6:45:03 AM UTC [Modules] Fetching discord_utils@1 from https://discord.com/api/modules/stable/discord_utils/1
11/21/2025, 6:45:03 AM UTC [Modules] Streaming discord_utils@1 to /home/typo/.config/discord/0.0.115/modules/pending/discord_utils-1.zip
11/21/2025, 6:45:04 AM UTC [Modules] Streaming discord_utils@1 to /home/typo/.config/discord/0.0.115/modules/pending/discord_utils-1.zip: 1%
11/21/2025, 6:45:04 AM UTC [Modules] Streaming discord_utils@1 to /home/typo/.config/discord/0.0.115/modules/pending/discord_utils-1.zip: 2%
11/21/2025, 6:45:04 AM UTC [Modules] Streaming discord_utils@1 to /home/typo/.config/discord/0.0.115/modules/pending/discord_utils-1.zip: 3%
11/21/2025, 6:45:04 AM UTC [Modules] Streaming discord_utils@1 to /home/typo/.config/discord/0.0.115/modules/pending/discord_utils-1.zip: 4%
11/21/2025, 6:45:04 AM UTC [Modules] Streaming discord_utils@1 to /home/typo/.config/discord/0.0.115/modules/pending/discord_utils-1.zip: 5%
11/21/2025, 6:45:04 AM UTC [Modules] Streaming discord_utils@1 to /home/typo/.config/discord/0.0.115/modules/pending/discord_utils-1.zip: 6%
11/21/2025, 6:45:04 AM UTC [Modules] Streaming discord_utils@1 to /home/typo/.config/discord/0.0.115/modules/pending/discord_utils-1.zip: 7%
11/21/2025, 6:45:04 AM UTC [Modules] Streaming discord_utils@1 to /home/typo/.config/discord/0.0.115/modules/pending/discord_utils-1.zip: 8%
11/21/2025, 6:45:04 AM UTC [Modules] Streaming discord_utils@1 to /home/typo/.config/discord/0.0.115/modules/pending/discord_utils-1.zip: 9%
11/21/2025, 6:45:04 AM UTC [Modules] Streaming discord_utils@1 to /home/typo/.config/discord/0.0.115/modules/pending/discord_utils-1.zip: 10%
11/21/2025, 6:45:04 AM UTC [Modules] Streaming discord_utils@1 to /home/typo/.config/discord/0.0.115/modules/pending/discord_utils-1.zip: 11%
11/21/2025, 6:45:04 AM UTC [Modules] Streaming discord_utils@1 to /home/typo/.config/discord/0.0.115/modules/pending/discord_utils-1.zip: 12%
11/21/2025, 6:45:04 AM UTC [Modules] Streaming discord_utils@1 to /home/typo/.config/discord/0.0.115/modules/pending/discord_utils-1.zip: 13%
11/21/2025, 6:45:04 AM UTC [Modules] Streaming discord_utils@1 to /home/typo/.config/discord/0.0.115/modules/pending/discord_utils-1.zip: 14%
11/21/2025, 6:45:04 AM UTC [Modules] Streaming discord_utils@1 to /home/typo/.config/discord/0.0.115/modules/pending/discord_utils-1.zip: 15%
11/21/2025, 6:45:04 AM UTC [Modules] Streaming discord_utils@1 to /home/typo/.config/discord/0.0.115/modules/pending/discord_utils-1.zip: 16%
11/21/2025, 6:45:04 AM UTC [Modules] Streaming discord_utils@1 to /home/typo/.config/discord/0.0.115/modules/pending/discord_utils-1.zip: 17%
11/21/2025, 6:45:04 AM UTC [Modules] Streaming discord_utils@1 to /home/typo/.config/discord/0.0.115/modules/pending/discord_utils-1.zip: 18%
11/21/2025, 6:45:04 AM UTC [Modules] Streaming discord_utils@1 to /home/typo/.config/discord/0.0.115/modules/pending/discord_utils-1.zip: 19%
11/21/2025, 6:45:04 AM UTC [Modules] Streaming discord_utils@1 to /home/typo/.config/discord/0.0.115/modules/pending/discord_utils-1.zip: 20%
11/21/2025, 6:45:04 AM UTC [Modules] Streaming discord_utils@1 to /home/typo/.config/discord/0.0.115/modules/pending/discord_utils-1.zip: 21%
11/21/2025, 6:45:04 AM UTC [Modules] Streaming discord_utils@1 to /home/typo/.config/discord/0.0.115/modules/pending/discord_utils-1.zip: 22%
11/21/2025, 6:45:04 AM UTC [Modules] Streaming discord_utils@1 to /home/typo/.config/discord/0.0.115/modules/pending/discord_utils-1.zip: 23%
11/21/2025, 6:45:04 AM UTC [Modules] Streaming discord_utils@1 to /home/typo/.config/discord/0.0.115/modules/pending/discord_utils-1.zip: 24%
11/21/2025, 6:45:04 AM UTC [Modules] Streaming discord_utils@1 to /home/typo/.config/discord/0.0.115/modules/pending/discord_utils-1.zip: 25%
11/21/2025, 6:45:04 AM UTC [Modules] Streaming discord_utils@1 to /home/typo/.config/discord/0.0.115/modules/pending/discord_utils-1.zip: 26%
11/21/2025, 6:45:04 AM UTC [Modules] Streaming discord_utils@1 to /home/typo/.config/discord/0.0.115/modules/pending/discord_utils-1.zip: 27%
11/21/2025, 6:45:04 AM UTC [Modules] Streaming discord_utils@1 to /home/typo/.config/discord/0.0.115/modules/pending/discord_utils-1.zip: 28%
11/21/2025, 6:45:04 AM UTC [Modules] Streaming discord_utils@1 to /home/typo/.config/discord/0.0.115/modules/pending/discord_utils-1.zip: 29%
11/21/2025, 6:45:04 AM UTC [Modules] Streaming discord_utils@1 to /home/typo/.config/discord/0.0.115/modules/pending/discord_utils-1.zip: 30%
11/21/2025, 6:45:04 AM UTC [Modules] Streaming discord_utils@1 to /home/typo/.config/discord/0.0.115/modules/pending/discord_utils-1.zip: 31%
11/21/2025, 6:45:04 AM UTC [Modules] Streaming discord_utils@1 to /home/typo/.config/discord/0.0.115/modules/pending/discord_utils-1.zip: 32%
11/21/2025, 6:45:04 AM UTC [Modules] Streaming discord_utils@1 to /home/typo/.config/discord/0.0.115/modules/pending/discord_utils-1.zip: 33%
11/21/2025, 6:45:04 AM UTC [Modules] Streaming discord_utils@1 to /home/typo/.config/discord/0.0.115/modules/pending/discord_utils-1.zip: 34%
11/21/2025, 6:45:04 AM UTC [Modules] Streaming discord_utils@1 to /home/typo/.config/discord/0.0.115/modules/pending/discord_utils-1.zip: 35%
11/21/2025, 6:45:04 AM UTC [Modules] Streaming discord_utils@1 to /home/typo/.config/discord/0.0.115/modules/pending/discord_utils-1.zip: 36%
11/21/2025, 6:45:04 AM UTC [Modules] Streaming discord_utils@1 to /home/typo/.config/discord/0.0.115/modules/pending/discord_utils-1.zip: 37%
11/21/2025, 6:45:04 AM UTC [Modules] Streaming discord_utils@1 to /home/typo/.config/discord/0.0.115/modules/pending/discord_utils-1.zip: 38%
11/21/2025, 6:45:04 AM UTC [Modules] Streaming discord_utils@1 to /home/typo/.config/discord/0.0.115/modules/pending/discord_utils-1.zip: 39%
11/21/2025, 6:45:04 AM UTC [Modules] Streaming discord_utils@1 to /home/typo/.config/discord/0.0.115/modules/pending/discord_utils-1.zip: 40%
11/21/2025, 6:45:04 AM UTC [Modules] Streaming discord_utils@1 to /home/typo/.config/discord/0.0.115/modules/pending/discord_utils-1.zip: 41%
11/21/2025, 6:45:04 AM UTC [Modules] Streaming discord_utils@1 to /home/typo/.config/discord/0.0.115/modules/pending/discord_utils-1.zip: 42%
11/21/2025, 6:45:04 AM UTC [Modules] Streaming discord_utils@1 to /home/typo/.config/discord/0.0.115/modules/pending/discord_utils-1.zip: 43%
11/21/2025, 6:45:04 AM UTC [Modules] Streaming discord_utils@1 to /home/typo/.config/discord/0.0.115/modules/pending/discord_utils-1.zip: 44%
11/21/2025, 6:45:04 AM UTC [Modules] Streaming discord_utils@1 to /home/typo/.config/discord/0.0.115/modules/pending/discord_utils-1.zip: 45%
11/21/2025, 6:45:04 AM UTC [Modules] Streaming discord_utils@1 to /home/typo/.config/discord/0.0.115/modules/pending/discord_utils-1.zip: 46%
11/21/2025, 6:45:04 AM UTC [Modules] Streaming discord_utils@1 to /home/typo/.config/discord/0.0.115/modules/pending/discord_utils-1.zip: 47%
11/21/2025, 6:45:04 AM UTC [Modules] Streaming discord_utils@1 to /home/typo/.config/discord/0.0.115/modules/pending/discord_utils-1.zip: 48%
11/21/2025, 6:45:04 AM UTC [Modules] Streaming discord_utils@1 to /home/typo/.config/discord/0.0.115/modules/pending/discord_utils-1.zip: 49%
11/21/2025, 6:45:04 AM UTC [Modules] Streaming discord_utils@1 to /home/typo/.config/discord/0.0.115/modules/pending/discord_utils-1.zip: 50%
11/21/2025, 6:45:04 AM UTC [Modules] Streaming discord_utils@1 to /home/typo/.config/discord/0.0.115/modules/pending/discord_utils-1.zip: 51%
11/21/2025, 6:45:04 AM UTC [Modules] Streaming discord_utils@1 to /home/typo/.config/discord/0.0.115/modules/pending/discord_utils-1.zip: 52%
11/21/2025, 6:45:04 AM UTC [Modules] Streaming discord_utils@1 to /home/typo/.config/discord/0.0.115/modules/pending/discord_utils-1.zip: 53%
11/21/2025, 6:45:04 AM UTC [Modules] Streaming discord_utils@1 to /home/typo/.config/discord/0.0.115/modules/pending/discord_utils-1.zip: 54%
11/21/2025, 6:45:04 AM UTC [Modules] Streaming discord_utils@1 to /home/typo/.config/discord/0.0.115/modules/pending/discord_utils-1.zip: 55%
11/21/2025, 6:45:04 AM UTC [Modules] Streaming discord_utils@1 to /home/typo/.config/discord/0.0.115/modules/pending/discord_utils-1.zip: 56%
11/21/2025, 6:45:04 AM UTC [Modules] Streaming discord_utils@1 to /home/typo/.config/discord/0.0.115/modules/pending/discord_utils-1.zip: 57%
11/21/2025, 6:45:04 AM UTC [Modules] Streaming discord_utils@1 to /home/typo/.config/discord/0.0.115/modules/pending/discord_utils-1.zip: 58%
11/21/2025, 6:45:04 AM UTC [Modules] Streaming discord_utils@1 to /home/typo/.config/discord/0.0.115/modules/pending/discord_utils-1.zip: 59%
11/21/2025, 6:45:04 AM UTC [Modules] Streaming discord_utils@1 to /home/typo/.config/discord/0.0.115/modules/pending/discord_utils-1.zip: 60%
11/21/2025, 6:45:04 AM UTC [Modules] Streaming discord_utils@1 to /home/typo/.config/discord/0.0.115/modules/pending/discord_utils-1.zip: 61%
11/21/2025, 6:45:04 AM UTC [Modules] Streaming discord_utils@1 to /home/typo/.config/discord/0.0.115/modules/pending/discord_utils-1.zip: 62%
11/21/2025, 6:45:04 AM UTC [Modules] Streaming discord_utils@1 to /home/typo/.config/discord/0.0.115/modules/pending/discord_utils-1.zip: 63%
11/21/2025, 6:45:04 AM UTC [Modules] Streaming discord_utils@1 to /home/typo/.config/discord/0.0.115/modules/pending/discord_utils-1.zip: 64%
11/21/2025, 6:45:04 AM UTC [Modules] Streaming discord_utils@1 to /home/typo/.config/discord/0.0.115/modules/pending/discord_utils-1.zip: 65%
11/21/2025, 6:45:04 AM UTC [Modules] Streaming discord_utils@1 to /home/typo/.config/discord/0.0.115/modules/pending/discord_utils-1.zip: 66%
11/21/2025, 6:45:04 AM UTC [Modules] Streaming discord_utils@1 to /home/typo/.config/discord/0.0.115/modules/pending/discord_utils-1.zip: 67%
11/21/2025, 6:45:04 AM UTC [Modules] Streaming discord_utils@1 to /home/typo/.config/discord/0.0.115/modules/pending/discord_utils-1.zip: 68%
11/21/2025, 6:45:04 AM UTC [Modules] Streaming discord_utils@1 to /home/typo/.config/discord/0.0.115/modules/pending/discord_utils-1.zip: 69%
11/21/2025, 6:45:04 AM UTC [Modules] Streaming discord_utils@1 to /home/typo/.config/discord/0.0.115/modules/pending/discord_utils-1.zip: 70%
11/21/2025, 6:45:04 AM UTC [Modules] Streaming discord_utils@1 to /home/typo/.config/discord/0.0.115/modules/pending/discord_utils-1.zip: 71%
11/21/2025, 6:45:04 AM UTC [Modules] Streaming discord_utils@1 to /home/typo/.config/discord/0.0.115/modules/pending/discord_utils-1.zip: 72%
11/21/2025, 6:45:04 AM UTC [Modules] Streaming discord_utils@1 to /home/typo/.config/discord/0.0.115/modules/pending/discord_utils-1.zip: 73%
11/21/2025, 6:45:04 AM UTC [Modules] Streaming discord_utils@1 to /home/typo/.config/discord/0.0.115/modules/pending/discord_utils-1.zip: 74%
11/21/2025, 6:45:04 AM UTC [Modules] Streaming discord_utils@1 to /home/typo/.config/discord/0.0.115/modules/pending/discord_utils-1.zip: 75%
11/21/2025, 6:45:04 AM UTC [Modules] Streaming discord_utils@1 to /home/typo/.config/discord/0.0.115/modules/pending/discord_utils-1.zip: 76%
11/21/2025, 6:45:05 AM UTC [Modules] Streaming discord_utils@1 to /home/typo/.config/discord/0.0.115/modules/pending/discord_utils-1.zip: 77%
11/21/2025, 6:45:05 AM UTC [Modules] Streaming discord_utils@1 to /home/typo/.config/discord/0.0.115/modules/pending/discord_utils-1.zip: 78%
11/21/2025, 6:45:05 AM UTC [Modules] Streaming discord_utils@1 to /home/typo/.config/discord/0.0.115/modules/pending/discord_utils-1.zip: 79%
11/21/2025, 6:45:05 AM UTC [Modules] Streaming discord_utils@1 to /home/typo/.config/discord/0.0.115/modules/pending/discord_utils-1.zip: 80%
11/21/2025, 6:45:05 AM UTC [Modules] Streaming discord_utils@1 to /home/typo/.config/discord/0.0.115/modules/pending/discord_utils-1.zip: 81%
11/21/2025, 6:45:05 AM UTC [Modules] Streaming discord_utils@1 to /home/typo/.config/discord/0.0.115/modules/pending/discord_utils-1.zip: 82%
11/21/2025, 6:45:05 AM UTC [Modules] Streaming discord_utils@1 to /home/typo/.config/discord/0.0.115/modules/pending/discord_utils-1.zip: 83%
11/21/2025, 6:45:05 AM UTC [Modules] Streaming discord_utils@1 to /home/typo/.config/discord/0.0.115/modules/pending/discord_utils-1.zip: 84%
11/21/2025, 6:45:05 AM UTC [Modules] Streaming discord_utils@1 to /home/typo/.config/discord/0.0.115/modules/pending/discord_utils-1.zip: 85%
11/21/2025, 6:45:05 AM UTC [Modules] Streaming discord_utils@1 to /home/typo/.config/discord/0.0.115/modules/pending/discord_utils-1.zip: 86%
11/21/2025, 6:45:05 AM UTC [Modules] Streaming discord_utils@1 to /home/typo/.config/discord/0.0.115/modules/pending/discord_utils-1.zip: 87%
11/21/2025, 6:45:05 AM UTC [Modules] Streaming discord_utils@1 to /home/typo/.config/discord/0.0.115/modules/pending/discord_utils-1.zip: 88%
11/21/2025, 6:45:05 AM UTC [Modules] Streaming discord_utils@1 to /home/typo/.config/discord/0.0.115/modules/pending/discord_utils-1.zip: 89%
11/21/2025, 6:45:05 AM UTC [Modules] Streaming discord_utils@1 to /home/typo/.config/discord/0.0.115/modules/pending/discord_utils-1.zip: 90%
11/21/2025, 6:45:05 AM UTC [Modules] Streaming discord_utils@1 to /home/typo/.config/discord/0.0.115/modules/pending/discord_utils-1.zip: 91%
11/21/2025, 6:45:05 AM UTC [Modules] Streaming discord_utils@1 to /home/typo/.config/discord/0.0.115/modules/pending/discord_utils-1.zip: 92%
11/21/2025, 6:45:05 AM UTC [Modules] Streaming discord_utils@1 to /home/typo/.config/discord/0.0.115/modules/pending/discord_utils-1.zip: 93%
11/21/2025, 6:45:05 AM UTC [Modules] Streaming discord_utils@1 to /home/typo/.config/discord/0.0.115/modules/pending/discord_utils-1.zip: 94%
11/21/2025, 6:45:05 AM UTC [Modules] Streaming discord_utils@1 to /home/typo/.config/discord/0.0.115/modules/pending/discord_utils-1.zip: 95%
11/21/2025, 6:45:05 AM UTC [Modules] Streaming discord_utils@1 to /home/typo/.config/discord/0.0.115/modules/pending/discord_utils-1.zip: 96%
11/21/2025, 6:45:05 AM UTC [Modules] Streaming discord_utils@1 to /home/typo/.config/discord/0.0.115/modules/pending/discord_utils-1.zip: 97%
11/21/2025, 6:45:05 AM UTC [Modules] Streaming discord_utils@1 to /home/typo/.config/discord/0.0.115/modules/pending/discord_utils-1.zip: 98%
11/21/2025, 6:45:05 AM UTC [Modules] Streaming discord_utils@1 to /home/typo/.config/discord/0.0.115/modules/pending/discord_utils-1.zip: 99%
11/21/2025, 6:45:05 AM UTC [Modules] Streaming discord_utils@1 to /home/typo/.config/discord/0.0.115/modules/pending/discord_utils-1.zip: 100%
11/21/2025, 6:45:05 AM UTC [Modules] Fetching discord_voice@1 from https://discord.com/api/modules/stable/discord_voice/1
11/21/2025, 6:45:05 AM UTC [Modules] Streaming discord_voice@1 to /home/typo/.config/discord/0.0.115/modules/pending/discord_voice-1.zip
11/21/2025, 6:45:05 AM UTC [Modules] Streaming discord_voice@1 to /home/typo/.config/discord/0.0.115/modules/pending/discord_voice-1.zip: 1%
11/21/2025, 6:45:05 AM UTC [Modules] Streaming discord_voice@1 to /home/typo/.config/discord/0.0.115/modules/pending/discord_voice-1.zip: 2%
11/21/2025, 6:45:05 AM UTC [Modules] Streaming discord_voice@1 to /home/typo/.config/discord/0.0.115/modules/pending/discord_voice-1.zip: 3%
11/21/2025, 6:45:05 AM UTC [Modules] Streaming discord_voice@1 to /home/typo/.config/discord/0.0.115/modules/pending/discord_voice-1.zip: 4%
11/21/2025, 6:45:05 AM UTC [Modules] Streaming discord_voice@1 to /home/typo/.config/discord/0.0.115/modules/pending/discord_voice-1.zip: 5%
11/21/2025, 6:45:05 AM UTC [Modules] Streaming discord_voice@1 to /home/typo/.config/discord/0.0.115/modules/pending/discord_voice-1.zip: 6%
11/21/2025, 6:45:06 AM UTC [Modules] Streaming discord_voice@1 to /home/typo/.config/discord/0.0.115/modules/pending/discord_voice-1.zip: 7%
11/21/2025, 6:45:06 AM UTC [Modules] Streaming discord_voice@1 to /home/typo/.config/discord/0.0.115/modules/pending/discord_voice-1.zip: 8%
11/21/2025, 6:45:06 AM UTC [Modules] Streaming discord_voice@1 to /home/typo/.config/discord/0.0.115/modules/pending/discord_voice-1.zip: 9%
11/21/2025, 6:45:06 AM UTC [Modules] Streaming discord_voice@1 to /home/typo/.config/discord/0.0.115/modules/pending/discord_voice-1.zip: 10%
11/21/2025, 6:45:06 AM UTC [Modules] Streaming discord_voice@1 to /home/typo/.config/discord/0.0.115/modules/pending/discord_voice-1.zip: 11%
11/21/2025, 6:45:06 AM UTC [Modules] Streaming discord_voice@1 to /home/typo/.config/discord/0.0.115/modules/pending/discord_voice-1.zip: 12%
11/21/2025, 6:45:06 AM UTC [Modules] Streaming discord_voice@1 to /home/typo/.config/discord/0.0.115/modules/pending/discord_voice-1.zip: 13%
11/21/2025, 6:45:06 AM UTC [Modules] Streaming discord_voice@1 to /home/typo/.config/discord/0.0.115/modules/pending/discord_voice-1.zip: 14%
11/21/2025, 6:45:06 AM UTC [Modules] Streaming discord_voice@1 to /home/typo/.config/discord/0.0.115/modules/pending/discord_voice-1.zip: 15%
11/21/2025, 6:45:06 AM UTC [Modules] Streaming discord_voice@1 to /home/typo/.config/discord/0.0.115/modules/pending/discord_voice-1.zip: 16%
11/21/2025, 6:45:06 AM UTC [Modules] Streaming discord_voice@1 to /home/typo/.config/discord/0.0.115/modules/pending/discord_voice-1.zip: 17%
11/21/2025, 6:45:06 AM UTC [Modules] Streaming discord_voice@1 to /home/typo/.config/discord/0.0.115/modules/pending/discord_voice-1.zip: 18%
11/21/2025, 6:45:06 AM UTC [Modules] Streaming discord_voice@1 to /home/typo/.config/discord/0.0.115/modules/pending/discord_voice-1.zip: 19%
11/21/2025, 6:45:06 AM UTC [Modules] Streaming discord_voice@1 to /home/typo/.config/discord/0.0.115/modules/pending/discord_voice-1.zip: 20%
11/21/2025, 6:45:06 AM UTC [Modules] Streaming discord_voice@1 to /home/typo/.config/discord/0.0.115/modules/pending/discord_voice-1.zip: 21%
11/21/2025, 6:45:06 AM UTC [Modules] Streaming discord_voice@1 to /home/typo/.config/discord/0.0.115/modules/pending/discord_voice-1.zip: 22%
11/21/2025, 6:45:07 AM UTC [Modules] Streaming discord_voice@1 to /home/typo/.config/discord/0.0.115/modules/pending/discord_voice-1.zip: 23%
11/21/2025, 6:45:07 AM UTC [Modules] Streaming discord_voice@1 to /home/typo/.config/discord/0.0.115/modules/pending/discord_voice-1.zip: 24%
11/21/2025, 6:45:07 AM UTC [Modules] Streaming discord_voice@1 to /home/typo/.config/discord/0.0.115/modules/pending/discord_voice-1.zip: 25%
11/21/2025, 6:45:07 AM UTC [Modules] Streaming discord_voice@1 to /home/typo/.config/discord/0.0.115/modules/pending/discord_voice-1.zip: 26%
11/21/2025, 6:45:07 AM UTC [Modules] Streaming discord_voice@1 to /home/typo/.config/discord/0.0.115/modules/pending/discord_voice-1.zip: 27%
11/21/2025, 6:45:07 AM UTC [Modules] Streaming discord_voice@1 to /home/typo/.config/discord/0.0.115/modules/pending/discord_voice-1.zip: 28%
11/21/2025, 6:45:07 AM UTC [Modules] Streaming discord_voice@1 to /home/typo/.config/discord/0.0.115/modules/pending/discord_voice-1.zip: 29%
11/21/2025, 6:45:07 AM UTC [Modules] Streaming discord_voice@1 to /home/typo/.config/discord/0.0.115/modules/pending/discord_voice-1.zip: 30%
11/21/2025, 6:45:07 AM UTC [Modules] Streaming discord_voice@1 to /home/typo/.config/discord/0.0.115/modules/pending/discord_voice-1.zip: 31%
11/21/2025, 6:45:07 AM UTC [Modules] Streaming discord_voice@1 to /home/typo/.config/discord/0.0.115/modules/pending/discord_voice-1.zip: 32%
11/21/2025, 6:45:07 AM UTC [Modules] Streaming discord_voice@1 to /home/typo/.config/discord/0.0.115/modules/pending/discord_voice-1.zip: 33%
11/21/2025, 6:45:07 AM UTC [Modules] Streaming discord_voice@1 to /home/typo/.config/discord/0.0.115/modules/pending/discord_voice-1.zip: 34%
11/21/2025, 6:45:07 AM UTC [Modules] Streaming discord_voice@1 to /home/typo/.config/discord/0.0.115/modules/pending/discord_voice-1.zip: 35%
11/21/2025, 6:45:07 AM UTC [Modules] Streaming discord_voice@1 to /home/typo/.config/discord/0.0.115/modules/pending/discord_voice-1.zip: 36%
11/21/2025, 6:45:07 AM UTC [Modules] Streaming discord_voice@1 to /home/typo/.config/discord/0.0.115/modules/pending/discord_voice-1.zip: 37%
11/21/2025, 6:45:07 AM UTC [Modules] Streaming discord_voice@1 to /home/typo/.config/discord/0.0.115/modules/pending/discord_voice-1.zip: 38%
11/21/2025, 6:45:07 AM UTC [Modules] Streaming discord_voice@1 to /home/typo/.config/discord/0.0.115/modules/pending/discord_voice-1.zip: 39%
11/21/2025, 6:45:08 AM UTC [Modules] Streaming discord_voice@1 to /home/typo/.config/discord/0.0.115/modules/pending/discord_voice-1.zip: 40%
11/21/2025, 6:45:08 AM UTC [Modules] Streaming discord_voice@1 to /home/typo/.config/discord/0.0.115/modules/pending/discord_voice-1.zip: 41%
11/21/2025, 6:45:08 AM UTC [Modules] Streaming discord_voice@1 to /home/typo/.config/discord/0.0.115/modules/pending/discord_voice-1.zip: 42%
11/21/2025, 6:45:08 AM UTC [Modules] Streaming discord_voice@1 to /home/typo/.config/discord/0.0.115/modules/pending/discord_voice-1.zip: 43%
11/21/2025, 6:45:08 AM UTC [Modules] Streaming discord_voice@1 to /home/typo/.config/discord/0.0.115/modules/pending/discord_voice-1.zip: 44%
11/21/2025, 6:45:08 AM UTC [Modules] Streaming discord_voice@1 to /home/typo/.config/discord/0.0.115/modules/pending/discord_voice-1.zip: 45%
11/21/2025, 6:45:08 AM UTC [Modules] Streaming discord_voice@1 to /home/typo/.config/discord/0.0.115/modules/pending/discord_voice-1.zip: 46%
11/21/2025, 6:45:08 AM UTC [Modules] Streaming discord_voice@1 to /home/typo/.config/discord/0.0.115/modules/pending/discord_voice-1.zip: 47%
11/21/2025, 6:45:08 AM UTC [Modules] Streaming discord_voice@1 to /home/typo/.config/discord/0.0.115/modules/pending/discord_voice-1.zip: 48%
11/21/2025, 6:45:08 AM UTC [Modules] Streaming discord_voice@1 to /home/typo/.config/discord/0.0.115/modules/pending/discord_voice-1.zip: 49%
11/21/2025, 6:45:08 AM UTC [Modules] Streaming discord_voice@1 to /home/typo/.config/discord/0.0.115/modules/pending/discord_voice-1.zip: 50%
11/21/2025, 6:45:08 AM UTC [Modules] Streaming discord_voice@1 to /home/typo/.config/discord/0.0.115/modules/pending/discord_voice-1.zip: 51%
11/21/2025, 6:45:08 AM UTC [Modules] Streaming discord_voice@1 to /home/typo/.config/discord/0.0.115/modules/pending/discord_voice-1.zip: 52%
11/21/2025, 6:45:08 AM UTC [Modules] Streaming discord_voice@1 to /home/typo/.config/discord/0.0.115/modules/pending/discord_voice-1.zip: 53%
11/21/2025, 6:45:09 AM UTC [Modules] Streaming discord_voice@1 to /home/typo/.config/discord/0.0.115/modules/pending/discord_voice-1.zip: 54%
11/21/2025, 6:45:09 AM UTC [Modules] Streaming discord_voice@1 to /home/typo/.config/discord/0.0.115/modules/pending/discord_voice-1.zip: 55%
11/21/2025, 6:45:09 AM UTC [Modules] Streaming discord_voice@1 to /home/typo/.config/discord/0.0.115/modules/pending/discord_voice-1.zip: 56%
11/21/2025, 6:45:09 AM UTC [Modules] Streaming discord_voice@1 to /home/typo/.config/discord/0.0.115/modules/pending/discord_voice-1.zip: 57%
11/21/2025, 6:45:09 AM UTC [Modules] Streaming discord_voice@1 to /home/typo/.config/discord/0.0.115/modules/pending/discord_voice-1.zip: 58%
11/21/2025, 6:45:09 AM UTC [Modules] Streaming discord_voice@1 to /home/typo/.config/discord/0.0.115/modules/pending/discord_voice-1.zip: 59%
11/21/2025, 6:45:09 AM UTC [Modules] Streaming discord_voice@1 to /home/typo/.config/discord/0.0.115/modules/pending/discord_voice-1.zip: 60%
11/21/2025, 6:45:09 AM UTC [Modules] Streaming discord_voice@1 to /home/typo/.config/discord/0.0.115/modules/pending/discord_voice-1.zip: 61%
11/21/2025, 6:45:09 AM UTC [Modules] Streaming discord_voice@1 to /home/typo/.config/discord/0.0.115/modules/pending/discord_voice-1.zip: 62%
11/21/2025, 6:45:09 AM UTC [Modules] Streaming discord_voice@1 to /home/typo/.config/discord/0.0.115/modules/pending/discord_voice-1.zip: 63%
11/21/2025, 6:45:09 AM UTC [Modules] Streaming discord_voice@1 to /home/typo/.config/discord/0.0.115/modules/pending/discord_voice-1.zip: 64%
11/21/2025, 6:45:09 AM UTC [Modules] Streaming discord_voice@1 to /home/typo/.config/discord/0.0.115/modules/pending/discord_voice-1.zip: 65%
11/21/2025, 6:45:09 AM UTC [Modules] Streaming discord_voice@1 to /home/typo/.config/discord/0.0.115/modules/pending/discord_voice-1.zip: 66%
11/21/2025, 6:45:09 AM UTC [Modules] Streaming discord_voice@1 to /home/typo/.config/discord/0.0.115/modules/pending/discord_voice-1.zip: 67%
11/21/2025, 6:45:09 AM UTC [Modules] Streaming discord_voice@1 to /home/typo/.config/discord/0.0.115/modules/pending/discord_voice-1.zip: 68%
11/21/2025, 6:45:09 AM UTC [Modules] Streaming discord_voice@1 to /home/typo/.config/discord/0.0.115/modules/pending/discord_voice-1.zip: 69%
11/21/2025, 6:45:09 AM UTC [Modules] Streaming discord_voice@1 to /home/typo/.config/discord/0.0.115/modules/pending/discord_voice-1.zip: 70%
11/21/2025, 6:45:10 AM UTC [Modules] Streaming discord_voice@1 to /home/typo/.config/discord/0.0.115/modules/pending/discord_voice-1.zip: 71%
11/21/2025, 6:45:10 AM UTC [Modules] Streaming discord_voice@1 to /home/typo/.config/discord/0.0.115/modules/pending/discord_voice-1.zip: 72%
11/21/2025, 6:45:10 AM UTC [Modules] Streaming discord_voice@1 to /home/typo/.config/discord/0.0.115/modules/pending/discord_voice-1.zip: 73%
11/21/2025, 6:45:10 AM UTC [Modules] Streaming discord_voice@1 to /home/typo/.config/discord/0.0.115/modules/pending/discord_voice-1.zip: 74%
11/21/2025, 6:45:10 AM UTC [Modules] Streaming discord_voice@1 to /home/typo/.config/discord/0.0.115/modules/pending/discord_voice-1.zip: 75%
11/21/2025, 6:45:10 AM UTC [Modules] Streaming discord_voice@1 to /home/typo/.config/discord/0.0.115/modules/pending/discord_voice-1.zip: 76%
11/21/2025, 6:45:10 AM UTC [Modules] Streaming discord_voice@1 to /home/typo/.config/discord/0.0.115/modules/pending/discord_voice-1.zip: 77%
11/21/2025, 6:45:10 AM UTC [Modules] Streaming discord_voice@1 to /home/typo/.config/discord/0.0.115/modules/pending/discord_voice-1.zip: 78%
11/21/2025, 6:45:10 AM UTC [Modules] Streaming discord_voice@1 to /home/typo/.config/discord/0.0.115/modules/pending/discord_voice-1.zip: 79%
11/21/2025, 6:45:10 AM UTC [Modules] Streaming discord_voice@1 to /home/typo/.config/discord/0.0.115/modules/pending/discord_voice-1.zip: 80%
11/21/2025, 6:45:10 AM UTC [Modules] Streaming discord_voice@1 to /home/typo/.config/discord/0.0.115/modules/pending/discord_voice-1.zip: 81%
11/21/2025, 6:45:10 AM UTC [Modules] Streaming discord_voice@1 to /home/typo/.config/discord/0.0.115/modules/pending/discord_voice-1.zip: 82%
11/21/2025, 6:45:10 AM UTC [Modules] Streaming discord_voice@1 to /home/typo/.config/discord/0.0.115/modules/pending/discord_voice-1.zip: 83%
11/21/2025, 6:45:10 AM UTC [Modules] Streaming discord_voice@1 to /home/typo/.config/discord/0.0.115/modules/pending/discord_voice-1.zip: 84%
11/21/2025, 6:45:10 AM UTC [Modules] Streaming discord_voice@1 to /home/typo/.config/discord/0.0.115/modules/pending/discord_voice-1.zip: 85%
11/21/2025, 6:45:11 AM UTC [Modules] Streaming discord_voice@1 to /home/typo/.config/discord/0.0.115/modules/pending/discord_voice-1.zip: 86%
11/21/2025, 6:45:11 AM UTC [Modules] Streaming discord_voice@1 to /home/typo/.config/discord/0.0.115/modules/pending/discord_voice-1.zip: 87%
11/21/2025, 6:45:11 AM UTC [Modules] Streaming discord_voice@1 to /home/typo/.config/discord/0.0.115/modules/pending/discord_voice-1.zip: 88%
11/21/2025, 6:45:11 AM UTC [Modules] Streaming discord_voice@1 to /home/typo/.config/discord/0.0.115/modules/pending/discord_voice-1.zip: 89%
11/21/2025, 6:45:11 AM UTC [Modules] Streaming discord_voice@1 to /home/typo/.config/discord/0.0.115/modules/pending/discord_voice-1.zip: 90%
11/21/2025, 6:45:11 AM UTC [Modules] Streaming discord_voice@1 to /home/typo/.config/discord/0.0.115/modules/pending/discord_voice-1.zip: 91%
11/21/2025, 6:45:11 AM UTC [Modules] Streaming discord_voice@1 to /home/typo/.config/discord/0.0.115/modules/pending/discord_voice-1.zip: 92%
11/21/2025, 6:45:11 AM UTC [Modules] Streaming discord_voice@1 to /home/typo/.config/discord/0.0.115/modules/pending/discord_voice-1.zip: 93%
11/21/2025, 6:45:11 AM UTC [Modules] Streaming discord_voice@1 to /home/typo/.config/discord/0.0.115/modules/pending/discord_voice-1.zip: 94%
11/21/2025, 6:45:11 AM UTC [Modules] Streaming discord_voice@1 to /home/typo/.config/discord/0.0.115/modules/pending/discord_voice-1.zip: 95%
11/21/2025, 6:45:11 AM UTC [Modules] Streaming discord_voice@1 to /home/typo/.config/discord/0.0.115/modules/pending/discord_voice-1.zip: 96%
11/21/2025, 6:45:11 AM UTC [Modules] Streaming discord_voice@1 to /home/typo/.config/discord/0.0.115/modules/pending/discord_voice-1.zip: 97%
11/21/2025, 6:45:11 AM UTC [Modules] Streaming discord_voice@1 to /home/typo/.config/discord/0.0.115/modules/pending/discord_voice-1.zip: 98%
11/21/2025, 6:45:12 AM UTC [Modules] Streaming discord_voice@1 to /home/typo/.config/discord/0.0.115/modules/pending/discord_voice-1.zip: 99%
11/21/2025, 6:45:12 AM UTC [Modules] Streaming discord_voice@1 to /home/typo/.config/discord/0.0.115/modules/pending/discord_voice-1.zip: 100%
11/21/2025, 6:45:12 AM UTC [Modules] Fetching discord_zstd@1 from https://discord.com/api/modules/stable/discord_zstd/1
11/21/2025, 6:45:12 AM UTC [Modules] Streaming discord_zstd@1 to /home/typo/.config/discord/0.0.115/modules/pending/discord_zstd-1.zip
11/21/2025, 6:45:12 AM UTC [Modules] Streaming discord_zstd@1 to /home/typo/.config/discord/0.0.115/modules/pending/discord_zstd-1.zip: 1%
11/21/2025, 6:45:12 AM UTC [Modules] Streaming discord_zstd@1 to /home/typo/.config/discord/0.0.115/modules/pending/discord_zstd-1.zip: 2%
11/21/2025, 6:45:12 AM UTC [Modules] Streaming discord_zstd@1 to /home/typo/.config/discord/0.0.115/modules/pending/discord_zstd-1.zip: 4%
11/21/2025, 6:45:12 AM UTC [Modules] Streaming discord_zstd@1 to /home/typo/.config/discord/0.0.115/modules/pending/discord_zstd-1.zip: 5%
11/21/2025, 6:45:12 AM UTC [Modules] Streaming discord_zstd@1 to /home/typo/.config/discord/0.0.115/modules/pending/discord_zstd-1.zip: 6%
11/21/2025, 6:45:12 AM UTC [Modules] Streaming discord_zstd@1 to /home/typo/.config/discord/0.0.115/modules/pending/discord_zstd-1.zip: 7%
11/21/2025, 6:45:12 AM UTC [Modules] Streaming discord_zstd@1 to /home/typo/.config/discord/0.0.115/modules/pending/discord_zstd-1.zip: 8%
11/21/2025, 6:45:12 AM UTC [Modules] Streaming discord_zstd@1 to /home/typo/.config/discord/0.0.115/modules/pending/discord_zstd-1.zip: 9%
11/21/2025, 6:45:12 AM UTC [Modules] Streaming discord_zstd@1 to /home/typo/.config/discord/0.0.115/modules/pending/discord_zstd-1.zip: 10%
11/21/2025, 6:45:12 AM UTC [Modules] Streaming discord_zstd@1 to /home/typo/.config/discord/0.0.115/modules/pending/discord_zstd-1.zip: 11%
11/21/2025, 6:45:12 AM UTC [Modules] Streaming discord_zstd@1 to /home/typo/.config/discord/0.0.115/modules/pending/discord_zstd-1.zip: 12%
11/21/2025, 6:45:12 AM UTC [Modules] Streaming discord_zstd@1 to /home/typo/.config/discord/0.0.115/modules/pending/discord_zstd-1.zip: 14%
11/21/2025, 6:45:12 AM UTC [Modules] Streaming discord_zstd@1 to /home/typo/.config/discord/0.0.115/modules/pending/discord_zstd-1.zip: 15%
11/21/2025, 6:45:12 AM UTC [Modules] Streaming discord_zstd@1 to /home/typo/.config/discord/0.0.115/modules/pending/discord_zstd-1.zip: 16%
11/21/2025, 6:45:12 AM UTC [Modules] Streaming discord_zstd@1 to /home/typo/.config/discord/0.0.115/modules/pending/discord_zstd-1.zip: 17%
11/21/2025, 6:45:12 AM UTC [Modules] Streaming discord_zstd@1 to /home/typo/.config/discord/0.0.115/modules/pending/discord_zstd-1.zip: 19%
11/21/2025, 6:45:12 AM UTC [Modules] Streaming discord_zstd@1 to /home/typo/.config/discord/0.0.115/modules/pending/discord_zstd-1.zip: 22%
11/21/2025, 6:45:12 AM UTC [Modules] Streaming discord_zstd@1 to /home/typo/.config/discord/0.0.115/modules/pending/discord_zstd-1.zip: 23%
11/21/2025, 6:45:12 AM UTC [Modules] Streaming discord_zstd@1 to /home/typo/.config/discord/0.0.115/modules/pending/discord_zstd-1.zip: 24%
11/21/2025, 6:45:12 AM UTC [Modules] Streaming discord_zstd@1 to /home/typo/.config/discord/0.0.115/modules/pending/discord_zstd-1.zip: 25%
11/21/2025, 6:45:12 AM UTC [Modules] Streaming discord_zstd@1 to /home/typo/.config/discord/0.0.115/modules/pending/discord_zstd-1.zip: 26%
11/21/2025, 6:45:12 AM UTC [Modules] Streaming discord_zstd@1 to /home/typo/.config/discord/0.0.115/modules/pending/discord_zstd-1.zip: 27%
11/21/2025, 6:45:12 AM UTC [Modules] Streaming discord_zstd@1 to /home/typo/.config/discord/0.0.115/modules/pending/discord_zstd-1.zip: 28%
11/21/2025, 6:45:12 AM UTC [Modules] Streaming discord_zstd@1 to /home/typo/.config/discord/0.0.115/modules/pending/discord_zstd-1.zip: 29%
11/21/2025, 6:45:12 AM UTC [Modules] Streaming discord_zstd@1 to /home/typo/.config/discord/0.0.115/modules/pending/discord_zstd-1.zip: 30%
11/21/2025, 6:45:12 AM UTC [Modules] Streaming discord_zstd@1 to /home/typo/.config/discord/0.0.115/modules/pending/discord_zstd-1.zip: 31%
11/21/2025, 6:45:12 AM UTC [Modules] Streaming discord_zstd@1 to /home/typo/.config/discord/0.0.115/modules/pending/discord_zstd-1.zip: 32%
11/21/2025, 6:45:12 AM UTC [Modules] Streaming discord_zstd@1 to /home/typo/.config/discord/0.0.115/modules/pending/discord_zstd-1.zip: 33%
11/21/2025, 6:45:12 AM UTC [Modules] Streaming discord_zstd@1 to /home/typo/.config/discord/0.0.115/modules/pending/discord_zstd-1.zip: 34%
11/21/2025, 6:45:12 AM UTC [Modules] Streaming discord_zstd@1 to /home/typo/.config/discord/0.0.115/modules/pending/discord_zstd-1.zip: 35%
11/21/2025, 6:45:12 AM UTC [Modules] Streaming discord_zstd@1 to /home/typo/.config/discord/0.0.115/modules/pending/discord_zstd-1.zip: 41%
11/21/2025, 6:45:12 AM UTC [Modules] Streaming discord_zstd@1 to /home/typo/.config/discord/0.0.115/modules/pending/discord_zstd-1.zip: 42%
11/21/2025, 6:45:12 AM UTC [Modules] Streaming discord_zstd@1 to /home/typo/.config/discord/0.0.115/modules/pending/discord_zstd-1.zip: 43%
11/21/2025, 6:45:12 AM UTC [Modules] Streaming discord_zstd@1 to /home/typo/.config/discord/0.0.115/modules/pending/discord_zstd-1.zip: 44%
11/21/2025, 6:45:12 AM UTC [Modules] Streaming discord_zstd@1 to /home/typo/.config/discord/0.0.115/modules/pending/discord_zstd-1.zip: 45%
11/21/2025, 6:45:12 AM UTC [Modules] Streaming discord_zstd@1 to /home/typo/.config/discord/0.0.115/modules/pending/discord_zstd-1.zip: 46%
11/21/2025, 6:45:12 AM UTC [Modules] Streaming discord_zstd@1 to /home/typo/.config/discord/0.0.115/modules/pending/discord_zstd-1.zip: 47%
11/21/2025, 6:45:12 AM UTC [Modules] Streaming discord_zstd@1 to /home/typo/.config/discord/0.0.115/modules/pending/discord_zstd-1.zip: 49%
11/21/2025, 6:45:12 AM UTC [Modules] Streaming discord_zstd@1 to /home/typo/.config/discord/0.0.115/modules/pending/discord_zstd-1.zip: 51%
11/21/2025, 6:45:12 AM UTC [Modules] Streaming discord_zstd@1 to /home/typo/.config/discord/0.0.115/modules/pending/discord_zstd-1.zip: 53%
11/21/2025, 6:45:12 AM UTC [Modules] Streaming discord_zstd@1 to /home/typo/.config/discord/0.0.115/modules/pending/discord_zstd-1.zip: 55%
11/21/2025, 6:45:12 AM UTC [Modules] Streaming discord_zstd@1 to /home/typo/.config/discord/0.0.115/modules/pending/discord_zstd-1.zip: 56%
11/21/2025, 6:45:12 AM UTC [Modules] Streaming discord_zstd@1 to /home/typo/.config/discord/0.0.115/modules/pending/discord_zstd-1.zip: 58%
11/21/2025, 6:45:12 AM UTC [Modules] Streaming discord_zstd@1 to /home/typo/.config/discord/0.0.115/modules/pending/discord_zstd-1.zip: 59%
11/21/2025, 6:45:12 AM UTC [Modules] Streaming discord_zstd@1 to /home/typo/.config/discord/0.0.115/modules/pending/discord_zstd-1.zip: 61%
11/21/2025, 6:45:12 AM UTC [Modules] Streaming discord_zstd@1 to /home/typo/.config/discord/0.0.115/modules/pending/discord_zstd-1.zip: 63%
11/21/2025, 6:45:12 AM UTC [Modules] Streaming discord_zstd@1 to /home/typo/.config/discord/0.0.115/modules/pending/discord_zstd-1.zip: 66%
11/21/2025, 6:45:12 AM UTC [Modules] Streaming discord_zstd@1 to /home/typo/.config/discord/0.0.115/modules/pending/discord_zstd-1.zip: 68%
11/21/2025, 6:45:12 AM UTC [Modules] Streaming discord_zstd@1 to /home/typo/.config/discord/0.0.115/modules/pending/discord_zstd-1.zip: 69%
11/21/2025, 6:45:12 AM UTC [Modules] Streaming discord_zstd@1 to /home/typo/.config/discord/0.0.115/modules/pending/discord_zstd-1.zip: 70%
11/21/2025, 6:45:12 AM UTC [Modules] Streaming discord_zstd@1 to /home/typo/.config/discord/0.0.115/modules/pending/discord_zstd-1.zip: 71%
11/21/2025, 6:45:12 AM UTC [Modules] Streaming discord_zstd@1 to /home/typo/.config/discord/0.0.115/modules/pending/discord_zstd-1.zip: 72%
11/21/2025, 6:45:12 AM UTC [Modules] Streaming discord_zstd@1 to /home/typo/.config/discord/0.0.115/modules/pending/discord_zstd-1.zip: 73%
11/21/2025, 6:45:12 AM UTC [Modules] Streaming discord_zstd@1 to /home/typo/.config/discord/0.0.115/modules/pending/discord_zstd-1.zip: 74%
11/21/2025, 6:45:12 AM UTC [Modules] Streaming discord_zstd@1 to /home/typo/.config/discord/0.0.115/modules/pending/discord_zstd-1.zip: 75%
11/21/2025, 6:45:12 AM UTC [Modules] Streaming discord_zstd@1 to /home/typo/.config/discord/0.0.115/modules/pending/discord_zstd-1.zip: 76%
11/21/2025, 6:45:12 AM UTC [Modules] Streaming discord_zstd@1 to /home/typo/.config/discord/0.0.115/modules/pending/discord_zstd-1.zip: 77%
11/21/2025, 6:45:12 AM UTC [Modules] Streaming discord_zstd@1 to /home/typo/.config/discord/0.0.115/modules/pending/discord_zstd-1.zip: 78%
11/21/2025, 6:45:12 AM UTC [Modules] Streaming discord_zstd@1 to /home/typo/.config/discord/0.0.115/modules/pending/discord_zstd-1.zip: 79%
11/21/2025, 6:45:12 AM UTC [Modules] Streaming discord_zstd@1 to /home/typo/.config/discord/0.0.115/modules/pending/discord_zstd-1.zip: 81%
11/21/2025, 6:45:12 AM UTC [Modules] Streaming discord_zstd@1 to /home/typo/.config/discord/0.0.115/modules/pending/discord_zstd-1.zip: 82%
11/21/2025, 6:45:12 AM UTC [Modules] Streaming discord_zstd@1 to /home/typo/.config/discord/0.0.115/modules/pending/discord_zstd-1.zip: 84%
11/21/2025, 6:45:12 AM UTC [Modules] Streaming discord_zstd@1 to /home/typo/.config/discord/0.0.115/modules/pending/discord_zstd-1.zip: 85%
11/21/2025, 6:45:12 AM UTC [Modules] Streaming discord_zstd@1 to /home/typo/.config/discord/0.0.115/modules/pending/discord_zstd-1.zip: 87%
11/21/2025, 6:45:12 AM UTC [Modules] Streaming discord_zstd@1 to /home/typo/.config/discord/0.0.115/modules/pending/discord_zstd-1.zip: 89%
11/21/2025, 6:45:12 AM UTC [Modules] Streaming discord_zstd@1 to /home/typo/.config/discord/0.0.115/modules/pending/discord_zstd-1.zip: 91%
11/21/2025, 6:45:12 AM UTC [Modules] Streaming discord_zstd@1 to /home/typo/.config/discord/0.0.115/modules/pending/discord_zstd-1.zip: 92%
11/21/2025, 6:45:12 AM UTC [Modules] Streaming discord_zstd@1 to /home/typo/.config/discord/0.0.115/modules/pending/discord_zstd-1.zip: 94%
11/21/2025, 6:45:12 AM UTC [Modules] Streaming discord_zstd@1 to /home/typo/.config/discord/0.0.115/modules/pending/discord_zstd-1.zip: 95%
11/21/2025, 6:45:12 AM UTC [Modules] Streaming discord_zstd@1 to /home/typo/.config/discord/0.0.115/modules/pending/discord_zstd-1.zip: 97%
11/21/2025, 6:45:12 AM UTC [Modules] Streaming discord_zstd@1 to /home/typo/.config/discord/0.0.115/modules/pending/discord_zstd-1.zip: 99%
11/21/2025, 6:45:12 AM UTC [Modules] Streaming discord_zstd@1 to /home/typo/.config/discord/0.0.115/modules/pending/discord_zstd-1.zip: 100%
11/21/2025, 6:45:12 AM UTC [Modules] Finished module downloads. [success: 6] [failure: 0]
11/21/2025, 6:45:12 AM UTC [Modules] Installing updates...
11/21/2025, 6:45:12 AM UTC [Modules] Installing discord_desktop_core@1 from /home/typo/.config/discord/0.0.115/modules/pending/discord_desktop_core-1.zip
11/21/2025, 6:45:12 AM UTC [Modules] Installing discord_erlpack@1 from /home/typo/.config/discord/0.0.115/modules/pending/discord_erlpack-1.zip
11/21/2025, 6:45:12 AM UTC [Modules] Installing discord_spellcheck@1 from /home/typo/.config/discord/0.0.115/modules/pending/discord_spellcheck-1.zip
11/21/2025, 6:45:13 AM UTC [Modules] Installing discord_utils@1 from /home/typo/.config/discord/0.0.115/modules/pending/discord_utils-1.zip
11/21/2025, 6:45:13 AM UTC [Modules] Installing discord_voice@1 from /home/typo/.config/discord/0.0.115/modules/pending/discord_voice-1.zip
11/21/2025, 6:45:13 AM UTC [Modules] Installing discord_zstd@1 from /home/typo/.config/discord/0.0.115/modules/pending/discord_zstd-1.zip
11/21/2025, 6:45:13 AM UTC [Modules] Finished module installations. [success: 6] [failure: 0]
11/21/2025, 6:45:13 AM UTC [Modules] Checking for host updates.
11/21/2025, 6:45:14 AM UTC [Modules] Host is up to date.
11/21/2025, 6:45:14 AM UTC [Modules] Checking for module updates at https://discord.com/api/modules/stable/versions.json
11/21/2025, 6:45:14 AM UTC [Modules] No module updates available.
11/21/2025, 6:45:17 AM UTC [Modules] Starting to install discord_krisp...
11/21/2025, 6:45:17 AM UTC [Modules] Fetching discord_krisp@1 from https://discord.com/api/modules/stable/discord_krisp/1
11/21/2025, 6:45:17 AM UTC [Modules] Streaming discord_krisp@1 to /home/typo/.config/discord/0.0.115/modules/pending/discord_krisp-1.zip
11/21/2025, 6:45:17 AM UTC [Modules] Starting to install discord_game_utils...
11/21/2025, 6:45:18 AM UTC [Modules] Streaming discord_krisp@1 to /home/typo/.config/discord/0.0.115/modules/pending/discord_krisp-1.zip: 1%
11/21/2025, 6:45:18 AM UTC [Modules] Streaming discord_krisp@1 to /home/typo/.config/discord/0.0.115/modules/pending/discord_krisp-1.zip: 2%
11/21/2025, 6:45:18 AM UTC [Modules] Streaming discord_krisp@1 to /home/typo/.config/discord/0.0.115/modules/pending/discord_krisp-1.zip: 3%
11/21/2025, 6:45:18 AM UTC [Modules] Streaming discord_krisp@1 to /home/typo/.config/discord/0.0.115/modules/pending/discord_krisp-1.zip: 4%
11/21/2025, 6:45:18 AM UTC [Modules] Starting to install discord_rpc...
11/21/2025, 6:45:18 AM UTC [Modules] Streaming discord_krisp@1 to /home/typo/.config/discord/0.0.115/modules/pending/discord_krisp-1.zip: 5%
11/21/2025, 6:45:18 AM UTC [Modules] Streaming discord_krisp@1 to /home/typo/.config/discord/0.0.115/modules/pending/discord_krisp-1.zip: 6%
11/21/2025, 6:45:18 AM UTC [Modules] Streaming discord_krisp@1 to /home/typo/.config/discord/0.0.115/modules/pending/discord_krisp-1.zip: 7%
11/21/2025, 6:45:18 AM UTC [Modules] Streaming discord_krisp@1 to /home/typo/.config/discord/0.0.115/modules/pending/discord_krisp-1.zip: 8%
11/21/2025, 6:45:18 AM UTC [Modules] Streaming discord_krisp@1 to /home/typo/.config/discord/0.0.115/modules/pending/discord_krisp-1.zip: 9%
11/21/2025, 6:45:18 AM UTC [Modules] Streaming discord_krisp@1 to /home/typo/.config/discord/0.0.115/modules/pending/discord_krisp-1.zip: 10%
11/21/2025, 6:45:18 AM UTC [Modules] Streaming discord_krisp@1 to /home/typo/.config/discord/0.0.115/modules/pending/discord_krisp-1.zip: 11%
11/21/2025, 6:45:18 AM UTC [Modules] Streaming discord_krisp@1 to /home/typo/.config/discord/0.0.115/modules/pending/discord_krisp-1.zip: 12%
11/21/2025, 6:45:19 AM UTC [Modules] Streaming discord_krisp@1 to /home/typo/.config/discord/0.0.115/modules/pending/discord_krisp-1.zip: 13%
11/21/2025, 6:45:19 AM UTC [Modules] Streaming discord_krisp@1 to /home/typo/.config/discord/0.0.115/modules/pending/discord_krisp-1.zip: 14%
11/21/2025, 6:45:19 AM UTC [Modules] Streaming discord_krisp@1 to /home/typo/.config/discord/0.0.115/modules/pending/discord_krisp-1.zip: 15%
11/21/2025, 6:45:19 AM UTC [Modules] Streaming discord_krisp@1 to /home/typo/.config/discord/0.0.115/modules/pending/discord_krisp-1.zip: 16%
11/21/2025, 6:45:19 AM UTC [Modules] Streaming discord_krisp@1 to /home/typo/.config/discord/0.0.115/modules/pending/discord_krisp-1.zip: 17%
11/21/2025, 6:45:19 AM UTC [Modules] Streaming discord_krisp@1 to /home/typo/.config/discord/0.0.115/modules/pending/discord_krisp-1.zip: 18%
11/21/2025, 6:45:20 AM UTC [Modules] Streaming discord_krisp@1 to /home/typo/.config/discord/0.0.115/modules/pending/discord_krisp-1.zip: 19%
11/21/2025, 6:45:20 AM UTC [Modules] Streaming discord_krisp@1 to /home/typo/.config/discord/0.0.115/modules/pending/discord_krisp-1.zip: 20%
11/21/2025, 6:45:20 AM UTC [Modules] Streaming discord_krisp@1 to /home/typo/.config/discord/0.0.115/modules/pending/discord_krisp-1.zip: 21%
11/21/2025, 6:45:20 AM UTC [Modules] Streaming discord_krisp@1 to /home/typo/.config/discord/0.0.115/modules/pending/discord_krisp-1.zip: 22%
11/21/2025, 6:45:21 AM UTC [Modules] Streaming discord_krisp@1 to /home/typo/.config/discord/0.0.115/modules/pending/discord_krisp-1.zip: 23%
11/21/2025, 6:45:21 AM UTC [Modules] Streaming discord_krisp@1 to /home/typo/.config/discord/0.0.115/modules/pending/discord_krisp-1.zip: 24%
11/21/2025, 6:45:21 AM UTC [Modules] Streaming discord_krisp@1 to /home/typo/.config/discord/0.0.115/modules/pending/discord_krisp-1.zip: 25%
11/21/2025, 6:45:21 AM UTC [Modules] Streaming discord_krisp@1 to /home/typo/.config/discord/0.0.115/modules/pending/discord_krisp-1.zip: 26%
11/21/2025, 6:45:21 AM UTC [Modules] Streaming discord_krisp@1 to /home/typo/.config/discord/0.0.115/modules/pending/discord_krisp-1.zip: 27%
11/21/2025, 6:45:21 AM UTC [Modules] Streaming discord_krisp@1 to /home/typo/.config/discord/0.0.115/modules/pending/discord_krisp-1.zip: 28%
11/21/2025, 6:45:21 AM UTC [Modules] Streaming discord_krisp@1 to /home/typo/.config/discord/0.0.115/modules/pending/discord_krisp-1.zip: 29%
11/21/2025, 6:45:21 AM UTC [Modules] Streaming discord_krisp@1 to /home/typo/.config/discord/0.0.115/modules/pending/discord_krisp-1.zip: 30%
11/21/2025, 6:45:21 AM UTC [Modules] Streaming discord_krisp@1 to /home/typo/.config/discord/0.0.115/modules/pending/discord_krisp-1.zip: 31%
11/21/2025, 6:45:21 AM UTC [Modules] Streaming discord_krisp@1 to /home/typo/.config/discord/0.0.115/modules/pending/discord_krisp-1.zip: 32%
11/21/2025, 6:45:21 AM UTC [Modules] Streaming discord_krisp@1 to /home/typo/.config/discord/0.0.115/modules/pending/discord_krisp-1.zip: 33%
11/21/2025, 6:45:21 AM UTC [Modules] Streaming discord_krisp@1 to /home/typo/.config/discord/0.0.115/modules/pending/discord_krisp-1.zip: 34%
11/21/2025, 6:45:21 AM UTC [Modules] Streaming discord_krisp@1 to /home/typo/.config/discord/0.0.115/modules/pending/discord_krisp-1.zip: 35%
11/21/2025, 6:45:21 AM UTC [Modules] Streaming discord_krisp@1 to /home/typo/.config/discord/0.0.115/modules/pending/discord_krisp-1.zip: 36%
11/21/2025, 6:45:22 AM UTC [Modules] Streaming discord_krisp@1 to /home/typo/.config/discord/0.0.115/modules/pending/discord_krisp-1.zip: 37%
11/21/2025, 6:45:22 AM UTC [Modules] Streaming discord_krisp@1 to /home/typo/.config/discord/0.0.115/modules/pending/discord_krisp-1.zip: 38%
11/21/2025, 6:45:22 AM UTC [Modules] Streaming discord_krisp@1 to /home/typo/.config/discord/0.0.115/modules/pending/discord_krisp-1.zip: 39%
11/21/2025, 6:45:22 AM UTC [Modules] Streaming discord_krisp@1 to /home/typo/.config/discord/0.0.115/modules/pending/discord_krisp-1.zip: 40%
11/21/2025, 6:45:22 AM UTC [Modules] Streaming discord_krisp@1 to /home/typo/.config/discord/0.0.115/modules/pending/discord_krisp-1.zip: 41%
11/21/2025, 6:45:22 AM UTC [Modules] Streaming discord_krisp@1 to /home/typo/.config/discord/0.0.115/modules/pending/discord_krisp-1.zip: 42%
11/21/2025, 6:45:23 AM UTC [Modules] Streaming discord_krisp@1 to /home/typo/.config/discord/0.0.115/modules/pending/discord_krisp-1.zip: 43%
11/21/2025, 6:45:23 AM UTC [Modules] Streaming discord_krisp@1 to /home/typo/.config/discord/0.0.115/modules/pending/discord_krisp-1.zip: 44%
11/21/2025, 6:45:23 AM UTC [Modules] Streaming discord_krisp@1 to /home/typo/.config/discord/0.0.115/modules/pending/discord_krisp-1.zip: 45%
11/21/2025, 6:45:23 AM UTC [Modules] Streaming discord_krisp@1 to /home/typo/.config/discord/0.0.115/modules/pending/discord_krisp-1.zip: 46%
11/21/2025, 6:45:23 AM UTC [Modules] Streaming discord_krisp@1 to /home/typo/.config/discord/0.0.115/modules/pending/discord_krisp-1.zip: 47%
11/21/2025, 6:45:23 AM UTC [Modules] Streaming discord_krisp@1 to /home/typo/.config/discord/0.0.115/modules/pending/discord_krisp-1.zip: 48%
11/21/2025, 6:45:23 AM UTC [Modules] Streaming discord_krisp@1 to /home/typo/.config/discord/0.0.115/modules/pending/discord_krisp-1.zip: 49%
11/21/2025, 6:45:23 AM UTC [Modules] Streaming discord_krisp@1 to /home/typo/.config/discord/0.0.115/modules/pending/discord_krisp-1.zip: 50%
11/21/2025, 6:45:23 AM UTC [Modules] Streaming discord_krisp@1 to /home/typo/.config/discord/0.0.115/modules/pending/discord_krisp-1.zip: 51%
11/21/2025, 6:45:23 AM UTC [Modules] Streaming discord_krisp@1 to /home/typo/.config/discord/0.0.115/modules/pending/discord_krisp-1.zip: 52%
11/21/2025, 6:45:24 AM UTC [Modules] Streaming discord_krisp@1 to /home/typo/.config/discord/0.0.115/modules/pending/discord_krisp-1.zip: 53%
11/21/2025, 6:45:24 AM UTC [Modules] Streaming discord_krisp@1 to /home/typo/.config/discord/0.0.115/modules/pending/discord_krisp-1.zip: 54%
11/21/2025, 6:45:24 AM UTC [Modules] Streaming discord_krisp@1 to /home/typo/.config/discord/0.0.115/modules/pending/discord_krisp-1.zip: 55%
11/21/2025, 6:45:24 AM UTC [Modules] Streaming discord_krisp@1 to /home/typo/.config/discord/0.0.115/modules/pending/discord_krisp-1.zip: 56%
11/21/2025, 6:45:24 AM UTC [Modules] Streaming discord_krisp@1 to /home/typo/.config/discord/0.0.115/modules/pending/discord_krisp-1.zip: 57%
11/21/2025, 6:45:24 AM UTC [Modules] Streaming discord_krisp@1 to /home/typo/.config/discord/0.0.115/modules/pending/discord_krisp-1.zip: 58%
11/21/2025, 6:45:24 AM UTC [Modules] Streaming discord_krisp@1 to /home/typo/.config/discord/0.0.115/modules/pending/discord_krisp-1.zip: 59%
11/21/2025, 6:45:25 AM UTC [Modules] Streaming discord_krisp@1 to /home/typo/.config/discord/0.0.115/modules/pending/discord_krisp-1.zip: 60%
11/21/2025, 6:45:25 AM UTC [Modules] Streaming discord_krisp@1 to /home/typo/.config/discord/0.0.115/modules/pending/discord_krisp-1.zip: 61%
11/21/2025, 6:45:25 AM UTC [Modules] Streaming discord_krisp@1 to /home/typo/.config/discord/0.0.115/modules/pending/discord_krisp-1.zip: 62%
11/21/2025, 6:45:25 AM UTC [Modules] Streaming discord_krisp@1 to /home/typo/.config/discord/0.0.115/modules/pending/discord_krisp-1.zip: 63%
11/21/2025, 6:45:25 AM UTC [Modules] Streaming discord_krisp@1 to /home/typo/.config/discord/0.0.115/modules/pending/discord_krisp-1.zip: 64%
11/21/2025, 6:45:25 AM UTC [Modules] Streaming discord_krisp@1 to /home/typo/.config/discord/0.0.115/modules/pending/discord_krisp-1.zip: 65%
11/21/2025, 6:45:26 AM UTC [Modules] Streaming discord_krisp@1 to /home/typo/.config/discord/0.0.115/modules/pending/discord_krisp-1.zip: 66%
11/21/2025, 6:45:26 AM UTC [Modules] Streaming discord_krisp@1 to /home/typo/.config/discord/0.0.115/modules/pending/discord_krisp-1.zip: 67%
11/21/2025, 6:45:26 AM UTC [Modules] Streaming discord_krisp@1 to /home/typo/.config/discord/0.0.115/modules/pending/discord_krisp-1.zip: 68%
11/21/2025, 6:45:26 AM UTC [Modules] Streaming discord_krisp@1 to /home/typo/.config/discord/0.0.115/modules/pending/discord_krisp-1.zip: 69%
11/21/2025, 6:45:26 AM UTC [Modules] Streaming discord_krisp@1 to /home/typo/.config/discord/0.0.115/modules/pending/discord_krisp-1.zip: 70%
11/21/2025, 6:45:26 AM UTC [Modules] Streaming discord_krisp@1 to /home/typo/.config/discord/0.0.115/modules/pending/discord_krisp-1.zip: 71%
11/21/2025, 6:45:26 AM UTC [Modules] Streaming discord_krisp@1 to /home/typo/.config/discord/0.0.115/modules/pending/discord_krisp-1.zip: 72%
11/21/2025, 6:45:26 AM UTC [Modules] Streaming discord_krisp@1 to /home/typo/.config/discord/0.0.115/modules/pending/discord_krisp-1.zip: 73%
11/21/2025, 6:45:26 AM UTC [Modules] Streaming discord_krisp@1 to /home/typo/.config/discord/0.0.115/modules/pending/discord_krisp-1.zip: 74%
11/21/2025, 6:45:27 AM UTC [Modules] Streaming discord_krisp@1 to /home/typo/.config/discord/0.0.115/modules/pending/discord_krisp-1.zip: 75%
11/21/2025, 6:45:27 AM UTC [Modules] Streaming discord_krisp@1 to /home/typo/.config/discord/0.0.115/modules/pending/discord_krisp-1.zip: 76%
11/21/2025, 6:45:27 AM UTC [Modules] Streaming discord_krisp@1 to /home/typo/.config/discord/0.0.115/modules/pending/discord_krisp-1.zip: 77%
11/21/2025, 6:45:27 AM UTC [Modules] Streaming discord_krisp@1 to /home/typo/.config/discord/0.0.115/modules/pending/discord_krisp-1.zip: 78%
11/21/2025, 6:45:27 AM UTC [Modules] Streaming discord_krisp@1 to /home/typo/.config/discord/0.0.115/modules/pending/discord_krisp-1.zip: 79%
11/21/2025, 6:45:27 AM UTC [Modules] Streaming discord_krisp@1 to /home/typo/.config/discord/0.0.115/modules/pending/discord_krisp-1.zip: 80%
11/21/2025, 6:45:27 AM UTC [Modules] Streaming discord_krisp@1 to /home/typo/.config/discord/0.0.115/modules/pending/discord_krisp-1.zip: 81%
11/21/2025, 6:45:27 AM UTC [Modules] Streaming discord_krisp@1 to /home/typo/.config/discord/0.0.115/modules/pending/discord_krisp-1.zip: 82%
11/21/2025, 6:45:27 AM UTC [Modules] Streaming discord_krisp@1 to /home/typo/.config/discord/0.0.115/modules/pending/discord_krisp-1.zip: 83%
11/21/2025, 6:45:27 AM UTC [Modules] Streaming discord_krisp@1 to /home/typo/.config/discord/0.0.115/modules/pending/discord_krisp-1.zip: 84%
11/21/2025, 6:45:28 AM UTC [Modules] Streaming discord_krisp@1 to /home/typo/.config/discord/0.0.115/modules/pending/discord_krisp-1.zip: 85%
11/21/2025, 6:45:28 AM UTC [Modules] Streaming discord_krisp@1 to /home/typo/.config/discord/0.0.115/modules/pending/discord_krisp-1.zip: 86%
11/21/2025, 6:45:28 AM UTC [Modules] Streaming discord_krisp@1 to /home/typo/.config/discord/0.0.115/modules/pending/discord_krisp-1.zip: 87%
11/21/2025, 6:45:28 AM UTC [Modules] Streaming discord_krisp@1 to /home/typo/.config/discord/0.0.115/modules/pending/discord_krisp-1.zip: 88%
11/21/2025, 6:45:28 AM UTC [Modules] Streaming discord_krisp@1 to /home/typo/.config/discord/0.0.115/modules/pending/discord_krisp-1.zip: 89%
11/21/2025, 6:45:28 AM UTC [Modules] Streaming discord_krisp@1 to /home/typo/.config/discord/0.0.115/modules/pending/discord_krisp-1.zip: 90%
11/21/2025, 6:45:28 AM UTC [Modules] Streaming discord_krisp@1 to /home/typo/.config/discord/0.0.115/modules/pending/discord_krisp-1.zip: 91%
11/21/2025, 6:45:28 AM UTC [Modules] Streaming discord_krisp@1 to /home/typo/.config/discord/0.0.115/modules/pending/discord_krisp-1.zip: 92%
11/21/2025, 6:45:28 AM UTC [Modules] Streaming discord_krisp@1 to /home/typo/.config/discord/0.0.115/modules/pending/discord_krisp-1.zip: 93%
11/21/2025, 6:45:28 AM UTC [Modules] Streaming discord_krisp@1 to /home/typo/.config/discord/0.0.115/modules/pending/discord_krisp-1.zip: 94%
11/21/2025, 6:45:28 AM UTC [Modules] Streaming discord_krisp@1 to /home/typo/.config/discord/0.0.115/modules/pending/discord_krisp-1.zip: 95%
11/21/2025, 6:45:29 AM UTC [Modules] Streaming discord_krisp@1 to /home/typo/.config/discord/0.0.115/modules/pending/discord_krisp-1.zip: 96%
11/21/2025, 6:45:29 AM UTC [Modules] Streaming discord_krisp@1 to /home/typo/.config/discord/0.0.115/modules/pending/discord_krisp-1.zip: 97%
11/21/2025, 6:45:29 AM UTC [Modules] Streaming discord_krisp@1 to /home/typo/.config/discord/0.0.115/modules/pending/discord_krisp-1.zip: 98%
11/21/2025, 6:45:29 AM UTC [Modules] Streaming discord_krisp@1 to /home/typo/.config/discord/0.0.115/modules/pending/discord_krisp-1.zip: 99%
11/21/2025, 6:45:29 AM UTC [Modules] Streaming discord_krisp@1 to /home/typo/.config/discord/0.0.115/modules/pending/discord_krisp-1.zip: 100%
11/21/2025, 6:45:29 AM UTC [Modules] Fetching discord_game_utils@1 from https://discord.com/api/modules/stable/discord_game_utils/1
11/21/2025, 6:45:29 AM UTC [Modules] Streaming discord_game_utils@1 to /home/typo/.config/discord/0.0.115/modules/pending/discord_game_utils-1.zip
11/21/2025, 6:45:29 AM UTC [Modules] Installing discord_krisp@1 from /home/typo/.config/discord/0.0.115/modules/pending/discord_krisp-1.zip
11/21/2025, 6:45:29 AM UTC [Modules] Streaming discord_game_utils@1 to /home/typo/.config/discord/0.0.115/modules/pending/discord_game_utils-1.zip: 1%
11/21/2025, 6:45:29 AM UTC [Modules] Streaming discord_game_utils@1 to /home/typo/.config/discord/0.0.115/modules/pending/discord_game_utils-1.zip: 2%
11/21/2025, 6:45:29 AM UTC [Modules] Streaming discord_game_utils@1 to /home/typo/.config/discord/0.0.115/modules/pending/discord_game_utils-1.zip: 3%
11/21/2025, 6:45:29 AM UTC [Modules] Streaming discord_game_utils@1 to /home/typo/.config/discord/0.0.115/modules/pending/discord_game_utils-1.zip: 4%
11/21/2025, 6:45:29 AM UTC [Modules] Streaming discord_game_utils@1 to /home/typo/.config/discord/0.0.115/modules/pending/discord_game_utils-1.zip: 5%
11/21/2025, 6:45:29 AM UTC [Modules] Streaming discord_game_utils@1 to /home/typo/.config/discord/0.0.115/modules/pending/discord_game_utils-1.zip: 6%
11/21/2025, 6:45:29 AM UTC [Modules] Streaming discord_game_utils@1 to /home/typo/.config/discord/0.0.115/modules/pending/discord_game_utils-1.zip: 7%
11/21/2025, 6:45:29 AM UTC [Modules] Streaming discord_game_utils@1 to /home/typo/.config/discord/0.0.115/modules/pending/discord_game_utils-1.zip: 8%
11/21/2025, 6:45:29 AM UTC [Modules] Streaming discord_game_utils@1 to /home/typo/.config/discord/0.0.115/modules/pending/discord_game_utils-1.zip: 9%
11/21/2025, 6:45:29 AM UTC [Modules] Streaming discord_game_utils@1 to /home/typo/.config/discord/0.0.115/modules/pending/discord_game_utils-1.zip: 10%
11/21/2025, 6:45:29 AM UTC [Modules] Streaming discord_game_utils@1 to /home/typo/.config/discord/0.0.115/modules/pending/discord_game_utils-1.zip: 11%
11/21/2025, 6:45:29 AM UTC [Modules] Streaming discord_game_utils@1 to /home/typo/.config/discord/0.0.115/modules/pending/discord_game_utils-1.zip: 12%
11/21/2025, 6:45:29 AM UTC [Modules] Streaming discord_game_utils@1 to /home/typo/.config/discord/0.0.115/modules/pending/discord_game_utils-1.zip: 13%
11/21/2025, 6:45:29 AM UTC [Modules] Streaming discord_game_utils@1 to /home/typo/.config/discord/0.0.115/modules/pending/discord_game_utils-1.zip: 14%
11/21/2025, 6:45:29 AM UTC [Modules] Streaming discord_game_utils@1 to /home/typo/.config/discord/0.0.115/modules/pending/discord_game_utils-1.zip: 15%
11/21/2025, 6:45:29 AM UTC [Modules] Streaming discord_game_utils@1 to /home/typo/.config/discord/0.0.115/modules/pending/discord_game_utils-1.zip: 16%
11/21/2025, 6:45:30 AM UTC [Modules] Finished module installations. [success: 1] [failure: 0]
11/21/2025, 6:45:30 AM UTC [Modules] Streaming discord_game_utils@1 to /home/typo/.config/discord/0.0.115/modules/pending/discord_game_utils-1.zip: 17%
11/21/2025, 6:45:30 AM UTC [Modules] Streaming discord_game_utils@1 to /home/typo/.config/discord/0.0.115/modules/pending/discord_game_utils-1.zip: 18%
11/21/2025, 6:45:30 AM UTC [Modules] Streaming discord_game_utils@1 to /home/typo/.config/discord/0.0.115/modules/pending/discord_game_utils-1.zip: 20%
11/21/2025, 6:45:30 AM UTC [Modules] Streaming discord_game_utils@1 to /home/typo/.config/discord/0.0.115/modules/pending/discord_game_utils-1.zip: 21%
11/21/2025, 6:45:30 AM UTC [Modules] Streaming discord_game_utils@1 to /home/typo/.config/discord/0.0.115/modules/pending/discord_game_utils-1.zip: 22%
11/21/2025, 6:45:30 AM UTC [Modules] Streaming discord_game_utils@1 to /home/typo/.config/discord/0.0.115/modules/pending/discord_game_utils-1.zip: 23%
11/21/2025, 6:45:30 AM UTC [Modules] Streaming discord_game_utils@1 to /home/typo/.config/discord/0.0.115/modules/pending/discord_game_utils-1.zip: 25%
11/21/2025, 6:45:30 AM UTC [Modules] Streaming discord_game_utils@1 to /home/typo/.config/discord/0.0.115/modules/pending/discord_game_utils-1.zip: 27%
11/21/2025, 6:45:30 AM UTC [Modules] Streaming discord_game_utils@1 to /home/typo/.config/discord/0.0.115/modules/pending/discord_game_utils-1.zip: 29%
11/21/2025, 6:45:30 AM UTC [Modules] Streaming discord_game_utils@1 to /home/typo/.config/discord/0.0.115/modules/pending/discord_game_utils-1.zip: 31%
11/21/2025, 6:45:30 AM UTC [Modules] Streaming discord_game_utils@1 to /home/typo/.config/discord/0.0.115/modules/pending/discord_game_utils-1.zip: 33%
11/21/2025, 6:45:30 AM UTC [Modules] Streaming discord_game_utils@1 to /home/typo/.config/discord/0.0.115/modules/pending/discord_game_utils-1.zip: 35%
11/21/2025, 6:45:30 AM UTC [Modules] Streaming discord_game_utils@1 to /home/typo/.config/discord/0.0.115/modules/pending/discord_game_utils-1.zip: 39%
11/21/2025, 6:45:30 AM UTC [Modules] Streaming discord_game_utils@1 to /home/typo/.config/discord/0.0.115/modules/pending/discord_game_utils-1.zip: 41%
11/21/2025, 6:45:30 AM UTC [Modules] Streaming discord_game_utils@1 to /home/typo/.config/discord/0.0.115/modules/pending/discord_game_utils-1.zip: 42%
11/21/2025, 6:45:30 AM UTC [Modules] Streaming discord_game_utils@1 to /home/typo/.config/discord/0.0.115/modules/pending/discord_game_utils-1.zip: 43%
11/21/2025, 6:45:30 AM UTC [Modules] Streaming discord_game_utils@1 to /home/typo/.config/discord/0.0.115/modules/pending/discord_game_utils-1.zip: 44%
11/21/2025, 6:45:30 AM UTC [Modules] Streaming discord_game_utils@1 to /home/typo/.config/discord/0.0.115/modules/pending/discord_game_utils-1.zip: 45%
11/21/2025, 6:45:30 AM UTC [Modules] Streaming discord_game_utils@1 to /home/typo/.config/discord/0.0.115/modules/pending/discord_game_utils-1.zip: 46%
11/21/2025, 6:45:30 AM UTC [Modules] Streaming discord_game_utils@1 to /home/typo/.config/discord/0.0.115/modules/pending/discord_game_utils-1.zip: 47%
11/21/2025, 6:45:30 AM UTC [Modules] Streaming discord_game_utils@1 to /home/typo/.config/discord/0.0.115/modules/pending/discord_game_utils-1.zip: 48%
11/21/2025, 6:45:30 AM UTC [Modules] Streaming discord_game_utils@1 to /home/typo/.config/discord/0.0.115/modules/pending/discord_game_utils-1.zip: 49%
11/21/2025, 6:45:30 AM UTC [Modules] Streaming discord_game_utils@1 to /home/typo/.config/discord/0.0.115/modules/pending/discord_game_utils-1.zip: 50%
11/21/2025, 6:45:30 AM UTC [Modules] Streaming discord_game_utils@1 to /home/typo/.config/discord/0.0.115/modules/pending/discord_game_utils-1.zip: 51%
11/21/2025, 6:45:30 AM UTC [Modules] Streaming discord_game_utils@1 to /home/typo/.config/discord/0.0.115/modules/pending/discord_game_utils-1.zip: 52%
11/21/2025, 6:45:30 AM UTC [Modules] Streaming discord_game_utils@1 to /home/typo/.config/discord/0.0.115/modules/pending/discord_game_utils-1.zip: 53%
11/21/2025, 6:45:30 AM UTC [Modules] Streaming discord_game_utils@1 to /home/typo/.config/discord/0.0.115/modules/pending/discord_game_utils-1.zip: 54%
11/21/2025, 6:45:30 AM UTC [Modules] Streaming discord_game_utils@1 to /home/typo/.config/discord/0.0.115/modules/pending/discord_game_utils-1.zip: 55%
11/21/2025, 6:45:30 AM UTC [Modules] Streaming discord_game_utils@1 to /home/typo/.config/discord/0.0.115/modules/pending/discord_game_utils-1.zip: 56%
11/21/2025, 6:45:30 AM UTC [Modules] Streaming discord_game_utils@1 to /home/typo/.config/discord/0.0.115/modules/pending/discord_game_utils-1.zip: 57%
11/21/2025, 6:45:30 AM UTC [Modules] Streaming discord_game_utils@1 to /home/typo/.config/discord/0.0.115/modules/pending/discord_game_utils-1.zip: 58%
11/21/2025, 6:45:30 AM UTC [Modules] Streaming discord_game_utils@1 to /home/typo/.config/discord/0.0.115/modules/pending/discord_game_utils-1.zip: 59%
11/21/2025, 6:45:30 AM UTC [Modules] Streaming discord_game_utils@1 to /home/typo/.config/discord/0.0.115/modules/pending/discord_game_utils-1.zip: 60%
11/21/2025, 6:45:30 AM UTC [Modules] Streaming discord_game_utils@1 to /home/typo/.config/discord/0.0.115/modules/pending/discord_game_utils-1.zip: 61%
11/21/2025, 6:45:30 AM UTC [Modules] Streaming discord_game_utils@1 to /home/typo/.config/discord/0.0.115/modules/pending/discord_game_utils-1.zip: 62%
11/21/2025, 6:45:30 AM UTC [Modules] Streaming discord_game_utils@1 to /home/typo/.config/discord/0.0.115/modules/pending/discord_game_utils-1.zip: 63%
11/21/2025, 6:45:30 AM UTC [Modules] Streaming discord_game_utils@1 to /home/typo/.config/discord/0.0.115/modules/pending/discord_game_utils-1.zip: 64%
11/21/2025, 6:45:30 AM UTC [Modules] Streaming discord_game_utils@1 to /home/typo/.config/discord/0.0.115/modules/pending/discord_game_utils-1.zip: 65%
11/21/2025, 6:45:30 AM UTC [Modules] Streaming discord_game_utils@1 to /home/typo/.config/discord/0.0.115/modules/pending/discord_game_utils-1.zip: 66%
11/21/2025, 6:45:30 AM UTC [Modules] Streaming discord_game_utils@1 to /home/typo/.config/discord/0.0.115/modules/pending/discord_game_utils-1.zip: 67%
11/21/2025, 6:45:30 AM UTC [Modules] Streaming discord_game_utils@1 to /home/typo/.config/discord/0.0.115/modules/pending/discord_game_utils-1.zip: 68%
11/21/2025, 6:45:30 AM UTC [Modules] Streaming discord_game_utils@1 to /home/typo/.config/discord/0.0.115/modules/pending/discord_game_utils-1.zip: 69%
11/21/2025, 6:45:30 AM UTC [Modules] Streaming discord_game_utils@1 to /home/typo/.config/discord/0.0.115/modules/pending/discord_game_utils-1.zip: 70%
11/21/2025, 6:45:30 AM UTC [Modules] Streaming discord_game_utils@1 to /home/typo/.config/discord/0.0.115/modules/pending/discord_game_utils-1.zip: 71%
11/21/2025, 6:45:30 AM UTC [Modules] Streaming discord_game_utils@1 to /home/typo/.config/discord/0.0.115/modules/pending/discord_game_utils-1.zip: 72%
11/21/2025, 6:45:30 AM UTC [Modules] Streaming discord_game_utils@1 to /home/typo/.config/discord/0.0.115/modules/pending/discord_game_utils-1.zip: 73%
11/21/2025, 6:45:30 AM UTC [Modules] Streaming discord_game_utils@1 to /home/typo/.config/discord/0.0.115/modules/pending/discord_game_utils-1.zip: 74%
11/21/2025, 6:45:30 AM UTC [Modules] Streaming discord_game_utils@1 to /home/typo/.config/discord/0.0.115/modules/pending/discord_game_utils-1.zip: 75%
11/21/2025, 6:45:30 AM UTC [Modules] Streaming discord_game_utils@1 to /home/typo/.config/discord/0.0.115/modules/pending/discord_game_utils-1.zip: 76%
11/21/2025, 6:45:30 AM UTC [Modules] Streaming discord_game_utils@1 to /home/typo/.config/discord/0.0.115/modules/pending/discord_game_utils-1.zip: 77%
11/21/2025, 6:45:30 AM UTC [Modules] Streaming discord_game_utils@1 to /home/typo/.config/discord/0.0.115/modules/pending/discord_game_utils-1.zip: 79%
11/21/2025, 6:45:30 AM UTC [Modules] Streaming discord_game_utils@1 to /home/typo/.config/discord/0.0.115/modules/pending/discord_game_utils-1.zip: 81%
11/21/2025, 6:45:30 AM UTC [Modules] Streaming discord_game_utils@1 to /home/typo/.config/discord/0.0.115/modules/pending/discord_game_utils-1.zip: 83%
11/21/2025, 6:45:30 AM UTC [Modules] Streaming discord_game_utils@1 to /home/typo/.config/discord/0.0.115/modules/pending/discord_game_utils-1.zip: 87%
11/21/2025, 6:45:30 AM UTC [Modules] Streaming discord_game_utils@1 to /home/typo/.config/discord/0.0.115/modules/pending/discord_game_utils-1.zip: 88%
11/21/2025, 6:45:30 AM UTC [Modules] Streaming discord_game_utils@1 to /home/typo/.config/discord/0.0.115/modules/pending/discord_game_utils-1.zip: 90%
11/21/2025, 6:45:30 AM UTC [Modules] Streaming discord_game_utils@1 to /home/typo/.config/discord/0.0.115/modules/pending/discord_game_utils-1.zip: 92%
11/21/2025, 6:45:30 AM UTC [Modules] Streaming discord_game_utils@1 to /home/typo/.config/discord/0.0.115/modules/pending/discord_game_utils-1.zip: 93%
11/21/2025, 6:45:30 AM UTC [Modules] Streaming discord_game_utils@1 to /home/typo/.config/discord/0.0.115/modules/pending/discord_game_utils-1.zip: 94%
11/21/2025, 6:45:30 AM UTC [Modules] Streaming discord_game_utils@1 to /home/typo/.config/discord/0.0.115/modules/pending/discord_game_utils-1.zip: 95%
11/21/2025, 6:45:30 AM UTC [Modules] Streaming discord_game_utils@1 to /home/typo/.config/discord/0.0.115/modules/pending/discord_game_utils-1.zip: 96%
11/21/2025, 6:45:30 AM UTC [Modules] Streaming discord_game_utils@1 to /home/typo/.config/discord/0.0.115/modules/pending/discord_game_utils-1.zip: 98%
11/21/2025, 6:45:30 AM UTC [Modules] Streaming discord_game_utils@1 to /home/typo/.config/discord/0.0.115/modules/pending/discord_game_utils-1.zip: 99%
11/21/2025, 6:45:30 AM UTC [Modules] Streaming discord_game_utils@1 to /home/typo/.config/discord/0.0.115/modules/pending/discord_game_utils-1.zip: 100%
11/21/2025, 6:45:30 AM UTC [Modules] Fetching discord_rpc@1 from https://discord.com/api/modules/stable/discord_rpc/1
11/21/2025, 6:45:30 AM UTC [Modules] Streaming discord_rpc@1 to /home/typo/.config/discord/0.0.115/modules/pending/discord_rpc-1.zip
11/21/2025, 6:45:30 AM UTC [Modules] Installing discord_game_utils@1 from /home/typo/.config/discord/0.0.115/modules/pending/discord_game_utils-1.zip
11/21/2025, 6:45:30 AM UTC [Modules] Finished module installations. [success: 1] [failure: 0]
11/21/2025, 6:45:31 AM UTC [Modules] Streaming discord_rpc@1 to /home/typo/.config/discord/0.0.115/modules/pending/discord_rpc-1.zip: 32%
11/21/2025, 6:45:31 AM UTC [Modules] Streaming discord_rpc@1 to /home/typo/.config/discord/0.0.115/modules/pending/discord_rpc-1.zip: 35%
11/21/2025, 6:45:31 AM UTC [Modules] Streaming discord_rpc@1 to /home/typo/.config/discord/0.0.115/modules/pending/discord_rpc-1.zip: 38%
11/21/2025, 6:45:31 AM UTC [Modules] Streaming discord_rpc@1 to /home/typo/.config/discord/0.0.115/modules/pending/discord_rpc-1.zip: 47%
11/21/2025, 6:45:31 AM UTC [Modules] Streaming discord_rpc@1 to /home/typo/.config/discord/0.0.115/modules/pending/discord_rpc-1.zip: 58%
11/21/2025, 6:45:31 AM UTC [Modules] Streaming discord_rpc@1 to /home/typo/.config/discord/0.0.115/modules/pending/discord_rpc-1.zip: 61%
11/21/2025, 6:45:31 AM UTC [Modules] Streaming discord_rpc@1 to /home/typo/.config/discord/0.0.115/modules/pending/discord_rpc-1.zip: 70%
11/21/2025, 6:45:31 AM UTC [Modules] Streaming discord_rpc@1 to /home/typo/.config/discord/0.0.115/modules/pending/discord_rpc-1.zip: 85%
11/21/2025, 6:45:31 AM UTC [Modules] Streaming discord_rpc@1 to /home/typo/.config/discord/0.0.115/modules/pending/discord_rpc-1.zip: 88%
11/21/2025, 6:45:31 AM UTC [Modules] Streaming discord_rpc@1 to /home/typo/.config/discord/0.0.115/modules/pending/discord_rpc-1.zip: 100%
11/21/2025, 6:45:31 AM UTC [Modules] Finished module downloads. [success: 3] [failure: 0]
11/21/2025, 6:45:31 AM UTC [Modules] Installing discord_rpc@1 from /home/typo/.config/discord/0.0.115/modules/pending/discord_rpc-1.zip
11/21/2025, 6:45:31 AM UTC [Modules] Finished module installations. [success: 1] [failure: 0]
11/21/2025, 6:46:37 AM UTC [Modules] Checking for host updates.
11/21/2025, 6:46:37 AM UTC [Modules] Host is up to date.
11/21/2025, 6:46:37 AM UTC [Modules] Checking for module updates at https://discord.com/api/modules/stable/versions.json
11/21/2025, 6:46:37 AM UTC [Modules] No module updates available.
11/21/2025, 6:47:08 AM UTC [Modules] Checking for host updates.
11/21/2025, 6:47:08 AM UTC [Modules] Host is up to date.
11/21/2025, 6:47:08 AM UTC [Modules] Checking for module updates at https://discord.com/api/modules/stable/versions.json
11/21/2025, 6:47:08 AM UTC [Modules] No module updates available.
11/21/2025, 7:47:08 AM UTC [Modules] Checking for host updates.
11/21/2025, 7:47:08 AM UTC [Modules] Host is up to date.
11/21/2025, 7:47:08 AM UTC [Modules] Checking for module updates at https://discord.com/api/modules/stable/versions.json
11/21/2025, 7:47:08 AM UTC [Modules] No module updates available.
11/22/2025, 9:26:57 AM UTC [Modules] Modules initializing
11/22/2025, 9:26:57 AM UTC [Modules] Distribution: remote
11/22/2025, 9:26:57 AM UTC [Modules] Host updates: enabled
11/22/2025, 9:26:57 AM UTC [Modules] Module updates: enabled
11/22/2025, 9:26:57 AM UTC [Modules] Module install path: /home/typo/.config/discord/0.0.115/modules
11/22/2025, 9:26:57 AM UTC [Modules] Module installed file path: /home/typo/.config/discord/0.0.115/modules/installed.json
11/22/2025, 9:26:57 AM UTC [Modules] Module download path: /home/typo/.config/discord/0.0.115/modules/pending
11/22/2025, 9:26:59 AM UTC [Modules] No updates to install
11/22/2025, 9:26:59 AM UTC [Modules] Checking for host updates.
11/22/2025, 9:26:59 AM UTC [Modules] Host is up to date.
11/22/2025, 9:26:59 AM UTC [Modules] Checking for module updates at https://discord.com/api/modules/stable/versions.json
11/22/2025, 9:26:59 AM UTC [Modules] No module updates available.
11/22/2025, 9:27:08 AM UTC [Modules] Checking for host updates.
11/22/2025, 9:27:08 AM UTC [Modules] Host is up to date.
11/22/2025, 9:27:08 AM UTC [Modules] Checking for module updates at https://discord.com/api/modules/stable/versions.json
11/22/2025, 9:27:08 AM UTC [Modules] No module updates available.
11/22/2025, 9:48:33 AM UTC [Modules] Modules initializing
11/22/2025, 9:48:33 AM UTC [Modules] Distribution: remote
11/22/2025, 9:48:33 AM UTC [Modules] Host updates: enabled
11/22/2025, 9:48:33 AM UTC [Modules] Module updates: enabled
11/22/2025, 9:48:33 AM UTC [Modules] Module install path: /home/typo/.config/discord/0.0.115/modules
11/22/2025, 9:48:33 AM UTC [Modules] Module installed file path: /home/typo/.config/discord/0.0.115/modules/installed.json
11/22/2025, 9:48:33 AM UTC [Modules] Module download path: /home/typo/.config/discord/0.0.115/modules/pending
11/22/2025, 9:48:34 AM UTC [Modules] No updates to install
11/22/2025, 9:48:34 AM UTC [Modules] Checking for host updates.
11/22/2025, 9:48:34 AM UTC [Modules] Host is up to date.
11/22/2025, 9:48:34 AM UTC [Modules] Checking for module updates at https://discord.com/api/modules/stable/versions.json
11/22/2025, 9:48:34 AM UTC [Modules] No module updates available.
11/22/2025, 9:48:41 AM UTC [Modules] Checking for host updates.
11/22/2025, 9:48:41 AM UTC [Modules] Host is up to date.
11/22/2025, 9:48:41 AM UTC [Modules] Checking for module updates at https://discord.com/api/modules/stable/versions.json
11/22/2025, 9:48:41 AM UTC [Modules] No module updates available.
11/22/2025, 10:48:41 AM UTC [Modules] Checking for host updates.
11/22/2025, 10:48:41 AM UTC [Modules] Host is up to date.
11/22/2025, 10:48:41 AM UTC [Modules] Checking for module updates at https://discord.com/api/modules/stable/versions.json
11/22/2025, 10:48:41 AM UTC [Modules] No module updates available.
11/22/2025, 11:48:41 AM UTC [Modules] Checking for host updates.
11/22/2025, 11:48:41 AM UTC [Modules] Host is up to date.
11/22/2025, 11:48:41 AM UTC [Modules] Checking for module updates at https://discord.com/api/modules/stable/versions.json
11/22/2025, 11:48:41 AM UTC [Modules] No module updates available.
11/23/2025, 1:48:41 AM GMT+13 [Modules] Checking for host updates.
11/23/2025, 1:48:41 AM GMT+13 [Modules] Host is up to date.
11/23/2025, 1:48:41 AM GMT+13 [Modules] Checking for module updates at https://discord.com/api/modules/stable/versions.json
11/23/2025, 1:48:41 AM GMT+13 [Modules] No module updates available.
11/23/2025, 2:48:41 AM GMT+13 [Modules] Checking for host updates.
11/23/2025, 2:48:41 AM GMT+13 [Modules] Host is up to date.
11/23/2025, 2:48:41 AM GMT+13 [Modules] Checking for module updates at https://discord.com/api/modules/stable/versions.json
11/23/2025, 2:48:41 AM GMT+13 [Modules] No module updates available.
